Planta Energética,Tipo de Energía,Nivel de Democratización Energética,Número de Comunidades Energéticas,Número de Proyectos en Marcha,Capacidad Generada (MW),Reducción de CO2 (toneladas),Región,Costo de Producción ($/MW),Año de Instalación,"Rentabilidad en 10 años (Rentable=1, No Rentable=0)"
SolarFlow,Solar,Alto,42,1.0,100.46,48910.59373127165,Sur,1893.6561701520613,2005,1
SunWave,Solar,Bajo,12,17.0,,156615.16814130466,Oeste,3398.187477186303,2015,0
EcoWind,,Bajo,47,,52.62,25618.907447138306,Sur,1642.9009523130212,2010,0
SolarFlow,Geotérmica,,24,11.0,,381289.3836417021,Este,2796.3749543726067,2010,1
HydroFlux,Hidrógeno verde,Medio,37,5.0,404.25,196815.72283363095,Norte,2144.411387991102,2020,1
VientoVerde,,Alto,30,12.0,449.46,218826.95061175947,Oeste,2495.4686929657582,2005,1
EcoWind,Hidrógeno verde,,43,,894.66,435579.8505636024,Oeste,1843.5051265842535,2020,1
EcoWind,Geotérmica,Alto,25,6.0,661.47,322047.48591901513,Sur,2746.223910804799,2005,1
SolarFlow,Geotérmica,Bajo,46,1.0,17.98,8753.857010633728,Norte,1693.051995880829,2010,1
WindStream,Hidráulica,Medio,47,5.0,943.74,459475.2511243312,Este,1642.9009523130212,2005,1
HydroFlux,Geotérmica,Alto,45,14.0,244.77,119170.27700182523,Sur,1743.2030394486374,2010,1
SolarFlow,Eólica,Alto,13,,116.54,56739.40467292852,Norte,3348.0364336184953,2005,0
error,Hidráulica,Alto,28,1.0,770.45,375106.1809701199,Sur,2595.7707801013744,2015,0
HydroFlux,Geotérmica,,41,18.0,505.47,246096.33499249336,Sur,1943.8072137198697,2005,0
VientoVerde,Solar,Medio,45,16.0,439.43,213943.6811002658,Sur,1743.2030394486374,2015,1
EcoWind,Eólica,Alto,21,9.0,257.01,125129.52115144463,Sur,2946.8280850760307,2005,1
SunWave,Eólica,Bajo,28,,552.0,268750.22635538474,Sur,2595.7707801013744,2005,0
VientoVerde,Eólica,Alto,25,5.0,281.64,137121.0394034974,,2746.223910804799,2020,0
VientoVerde,Hidráulica,Medio,43,,902.57,439430.96340865875,Sur,1843.5051265842535,2020,1
HydroFlux,Geotérmica,Alto,45,15.0,223.05,108595.53983436336,Este,1743.2030394486374,2010,0
AquaPower,Geotérmica,Medio,43,7.0,885.51,431125.0234419506,Oeste,1843.5051265842535,2020,1
EcoWind,Solar,Medio,17,4.0,563.81,274500.1179736041,Este,3147.432259347263,2005,1
WindStream,Solar,Medio,15,1.0,,,,3247.734346482879,2020,1
VientoVerde,Eólica,Alto,@#$,13.0,,348459.9855200652,Sur,2846.5259979404145,2005,0
SunWave,Solar,,15,7.0,699.73,340674.9925500967,Este,3247.734346482879,2015,0
AquaPower,Hidráulica,Bajo,17,15.0,331.1,161201.44917802155,Este,3147.432259347263,2005,1
AquaPower,,Bajo,49,14.0,241.56,117607.43601160642,Oeste,1542.598865177405,2010,1
WindStream,,Bajo,5,19.0,218.78,106516.62051092586,Este,3749.24478216096,2015,1
VientoVerde,Solar,Alto,44,18.0,858.62,418033.1872341675,Oeste,1793.3540830164452,2010,0
SunWave,Hidráulica,Bajo,48,10.0,822.22,400311.2520179791,Sur,1592.7499087452134,2010,1
EcoWind,Hidráulica,Alto,23,9.0,,217225.16031337323,Norte,2846.5259979404145,2010,1
Solaris,Solar,Medio,16,8.0,141.08,68687.1049532929,Norte,3197.583302915071,2020,1
SunWave,Geotérmica,Bajo,12,10.0,,,Norte,3398.187477186303,2010,1
WindStream,Solar,Alto,12,17.0,623.15,303390.767306808,Norte,3398.187477186303,2015,0
AquaPower,Eólica,,49,2.0,459.86,223890.3606735276,Sur,1542.598865177405,2005,0
EcoWind,Solar,Medio,16,6.0,,380919.36521411134,Norte,3197.583302915071,2010,1
SunWave,Hidráulica,Medio,37,5.0,997.65,485722.21616566955,Este,2144.411387991102,2015,1
Solaris,Solar,,49,9.0,,96993.51466398506,Este,1542.598865177405,2010,0
Solaris,Geotérmica,,30,5.0,465.05,226417.19704089072,Norte,2495.4686929657582,2005,0
HydroFlux,Hidrógeno verde,Alto,43,18.0,436.67,212599.9299684889,Este,1843.5051265842535,2015,1
HydroFlux,,Alto,32,9.0,311.45,151634.52535939234,Oeste,2395.166605830142,2015,0
SolarFlow,Geotérmica,Medio,9,17.0,206.11,100348.02382990644,Sur,3548.6406078897276,2005,0
WindStream,Geotérmica,Bajo,12,17.0,75.04,36534.45106106535,Norte,3398.187477186303,2015,1
VientoVerde,Hidráulica,Medio,29,12.0,888.25,432459.0372466857,,2545.6197365335665,2005,1
SunWave,Geotérmica,Bajo,31,7.0,425.65,207234.66276842303,Sur,2445.31764939795,2015,1
SunWave,Geotérmica,Bajo,27,3.0,501.93,244372.82810608382,,2645.9218236691822,2015,0
VientoVerde,Geotérmica,Bajo,34,10.0,917.77,446831.3319604737,Sur,2294.864518694526,2005,1
SolarFlow,Geotérmica,Medio,49,2.0,778.53,379040.061095032,Sur,1542.598865177405,2005,1
AquaPower,Eólica,Alto,27,3.0,,67771.79621135788,Este,2645.9218236691822,2015,1
AquaPower,Eólica,Alto,24,16.0,569.77,277401.8414320789,Sur,2796.3749543726067,2015,1
SolarFlow,Hidráulica,Alto,22,,447.83,218033.35845784773,Este,2896.677041508223,2005,0
AquaPower,Solar,error,22,10.0,799.24,389123.0632468799,Este,2896.677041508223,2020,0
HydroFlux,Geotérmica,Medio,6,6.0,,353946.9693081543,Sur,3699.0937385931516,2005,0
SunWave,,Medio,8,11.0,693.5,,Oeste,3598.7916514575354,2015,0
SolarFlow,Solar,Alto,34,7.0,347.14,169010.78546559467,Este,2294.864518694526,2015,1
SunWave,Hidráulica,Bajo,37,15.0,806.91,392857.3281674339,Sur,2144.411387991102,2015,1
VientoVerde,,Alto,40,6.0,61.87,30122.421203999373,Este,1993.9582572876775,2005,1
Solaris,Geotérmica,Medio,22,9.0,168.03,81808.15314220163,,2896.677041508223,2015,1
HydroFlux,Hidrógeno verde,Medio,41,12.0,342.27,166639.74633090134,Oeste,1943.8072137198697,2020,0
EcoWind,,Alto,23,,86.04,41889.98093408932,Norte,2846.5259979404145,2010,1
HydroFlux,Solar,Medio,32,3.0,242.64,118133.25167186695,Este,2395.166605830142,2020,0
SolarFlow,Eólica,Alto,44,15.0,831.85,404999.77498863556,Este,1793.3540830164452,2005,0
EcoWind,Hidrógeno verde,Alto,24,2.0,948.77,461924.1888753594,Sur,2796.3749543726067,2015,0
Solaris,,Medio,37,,311.56,151688.0806581226,Este,2144.411387991102,2005,1
SolarFlow,Eólica,Bajo,16,3.0,271.87,132364.35514354793,Norte,3197.583302915071,2010,1
WindStream,Eólica,Medio,19,6.0,,139774.46102240472,Oeste,3047.130172211647,2005,0
SunWave,Hidráulica,Alto,45,,,138727.6983654046,Oeste,1743.2030394486374,2015,0
Solaris,,Bajo,43,10.0,@#$,22186.499664882034,Norte,1843.5051265842535,2010,1
SunWave,Eólica,Medio,6,,927.65,451641.57151915337,Este,3699.0937385931516,2010,0
AquaPower,Hidrógeno verde,Medio,33,,221.56,107870.10896974464,,2345.0155622623342,2015,1
WindStream,Solar,Alto,45,,425.8,207307.69272123702,Norte,1743.2030394486374,2015,1
WindStream,Hidrógeno verde,Bajo,14,6.0,,9537.7118375036,Sur,3297.8853900506874,2015,1
Solaris,Geotérmica,Alto,6,,,418403.20566175826,Oeste,3699.0937385931516,2005,1
WindStream,Hidráulica,Alto,15,4.0,733.85,357286.87248351285,Norte,3247.734346482879,2020,1
EcoWind,Solar,Bajo,17,2.0,,461203.62667426164,Norte,3147.432259347263,2005,1
WindStream,Solar,Bajo,14,4.0,783.8,381605.8467705626,,3297.8853900506874,2005,1
SunWave,Geotérmica,,18,1.0,@#$,156074.7464904813,Oeste,3097.281215779455,2020,1
SunWave,Geotérmica,Bajo,22,19.0,255.39,124340.79766105382,Este,2896.677041508223,2015,0
SolarFlow,Eólica,Alto,13,10.0,700.74,341166.7275657107,Norte,3348.0364336184953,2015,1
SunWave,Hidráulica,Medio,43,15.0,,180369.37745992644,Sur,1843.5051265842535,2020,1
SolarFlow,Hidráulica,Bajo,32,19.0,570.55,277781.5971867115,Oeste,2395.166605830142,2020,1
SunWave,Hidrógeno verde,Alto,7,16.0,,7882.3662403871,Norte,3648.9426950253437,2005,1
EcoWind,,Medio,24,4.0,71.27,34698.964913674405,Norte,2796.3749543726067,2010,1
VientoVerde,Eólica,Medio,10,2.0,540.01,262912.6987937886,Sur,3498.4895643219193,2020,0
SolarFlow,Eólica,,31,13.0,570.41,277713.4358974185,Norte,2445.31764939795,2005,1
HydroFlux,Eólica,Medio,6,1.0,753.94,367068.01749706303,Norte,3699.0937385931516,2010,1
AquaPower,Hidráulica,Bajo,33,17.0,140.65,68477.75242189287,Oeste,2345.0155622623342,2015,1
Solaris,Hidráulica,Medio,42,,518.05,252221.1137018244,Oeste,1893.6561701520613,2015,1
SunWave,Eólica,,7,,202.5,98590.43629885039,Oeste,3648.9426950253437,2005,0
WindStream,Hidrógeno verde,Bajo,20,7.0,102.26,49786.95316503922,,2996.9791286438385,2005,1
VientoVerde,Solar,Medio,34,17.0,,202726.28034804104,Sur,2294.864518694526,2020,0
SunWave,Solar,Medio,44,9.0,,83594.95265438326,Oeste,1793.3540830164452,2015,0
WindStream,Hidrógeno verde,Alto,6,,229.56,111765.03978648936,Este,3699.0937385931516,2005,1
AquaPower,Eólica,,21,19.0,324.38,157929.707291956,Este,2946.8280850760307,2015,0
AquaPower,Hidráulica,Alto,45,1.0,266.79,129891.07407491504,Sur,1743.2030394486374,2015,1
AquaPower,,Medio,16,10.0,96.72,47089.7135744435,Sur,3197.583302915071,2020,0
WindStream,Geotérmica,Bajo,39,4.0,99.02,,Norte,2044.1093008554856,2010,0
SunWave,Geotérmica,,47,9.0,201.32,,,1642.9009523130212,2020,1
AquaPower,Hidrógeno verde,,5,13.0,60.05,29236.32444318995,Oeste,3749.24478216096,2005,1
EcoWind,Eólica,Medio,49,14.0,630.19,306818.3064255434,Sur,1542.598865177405,2020,1
SolarFlow,Solar,Medio,19,10.0,294.45,143357.79737380985,Este,3047.130172211647,2020,1
WindStream,Eólica,Alto,30,6.0,286.95,139706.2997331117,Oeste,2495.4686929657582,2015,1
WindStream,Solar,,41,16.0,338.68,164891.89612688715,Este,1943.8072137198697,2020,0
SunWave,Hidrógeno verde,Bajo,25,6.0,666.17,324335.7577738526,Sur,2746.223910804799,2005,0
WindStream,Hidrógeno verde,Medio,35,17.0,871.93,424513.3783805265,Norte,2244.7134751267176,2010,0
WindStream,Geotérmica,Alto,29,10.0,761.5,370748.7271188868,Este,2545.6197365335665,2020,1
AquaPower,Eólica,Bajo,27,18.0,730.25,355534.15361597773,Oeste,2645.9218236691822,2020,1
SunWave,Geotérmica,Bajo,28,18.0,489.55,238345.4226671714,Sur,2595.7707801013744,2010,1
AquaPower,Eólica,Bajo,42,3.0,696.87,339282.55478311045,Norte,1893.6561701520613,2005,1
SolarFlow,Geotérmica,Alto,32,15.0,557.23,271296.53737683163,,2395.166605830142,2005,1
VientoVerde,Hidráulica,Medio,25,15.0,224.09,109101.88084054017,Oeste,2746.223910804799,2020,0
SolarFlow,Hidráulica,Medio,47,4.0,216.5,105406.56522815362,Oeste,1642.9009523130212,2015,0
VientoVerde,Hidráulica,Alto,22,9.0,303.43,147729.8572156058,Este,2896.677041508223,2020,1
AquaPower,Hidráulica,Alto,40,19.0,911.69,443871.1845397477,Sur,1993.9582572876775,2010,1
SolarFlow,,Medio,39,17.0,551.94,268721.0143742592,Oeste,2044.1093008554856,2010,1
SunWave,Hidráulica,,49,11.0,736.57,358611.1489612061,Este,1542.598865177405,2010,0
Solaris,Hidrógeno verde,Bajo,13,,353.09,171907.64026054853,Sur,3348.0364336184953,2020,1
AquaPower,Hidrógeno verde,Bajo,42,,,201387.39787978504,Sur,1893.6561701520613,2020,0
VientoVerde,,Bajo,34,,134.31,65391.0197496227,Este,2294.864518694526,2005,0
EcoWind,Hidráulica,Bajo,48,13.0,179.58,87431.45950887681,Este,1592.7499087452134,2015,1
VientoVerde,Hidráulica,,38,8.0,829.08,403651.1551933377,Oeste,2094.2603444232936,2020,0
EcoWind,Hidráulica,Alto,36,7.0,,286759.4127193081,Sur,2194.56243155891,2005,1
WindStream,,Bajo,7,17.0,,167559.92373635728,Norte,3648.9426950253437,2020,0
SolarFlow,Eólica,,7,15.0,,391839.7774915594,Este,3648.9426950253437,2005,1
EcoWind,Geotérmica,Medio,32,15.0,254.05,123688.39674924909,Sur,2395.166605830142,2005,1
VientoVerde,Eólica,Alto,48,1.0,976.27,475313.0135579193,Sur,1592.7499087452134,2015,0
WindStream,Hidráulica,Medio,19,,,171070.23013494845,Oeste,3047.130172211647,2020,1
Solaris,Hidráulica,Medio,45,5.0,343.94,167452.8131388968,Norte,1743.2030394486374,2005,0
SunWave,Geotérmica,Bajo,27,,318.79,155208.12438375564,Oeste,2645.9218236691822,2010,1
SunWave,Geotérmica,Bajo,44,16.0,130.89,63725.93682546433,Norte,1793.3540830164452,2010,0
SunWave,Eólica,,15,2.0,120.03,58438.568241733396,Norte,3247.734346482879,2010,0
EcoWind,Hidrógeno verde,Alto,36,8.0,651.62,317251.8523508982,Este,2194.56243155891,2015,0
Solaris,Eólica,,40,11.0,876.37,426675.06498381984,Sur,1993.9582572876775,2005,0
EcoWind,Geotérmica,Alto,37,18.0,792.62,385900.0079960237,Sur,2144.411387991102,2015,1
SolarFlow,Geotérmica,Medio,28,3.0,149.7,72883.89290833531,Sur,2595.7707801013744,2020,0
EcoWind,Solar,Alto,43,1.0,550.13,267839.7862769707,Norte,1843.5051265842535,2020,0
Solaris,Geotérmica,Medio,38,,114.54,55765.67196874234,Sur,2094.2603444232936,2005,1
Solaris,Solar,Medio,32,,54.84,26699.750748784965,Este,2395.166605830142,2010,0
SolarFlow,Hidrógeno verde,Medio,41,18.0,,321244.15643806156,Norte,1943.8072137198697,2005,1
Solaris,,Medio,11,,539.8,262810.45685984904,Norte,3448.3385207541114,2005,1
VientoVerde,Eólica,Bajo,8,10.0,91.2,44402.21131088966,Norte,3598.7916514575354,2005,1
Solaris,Solar,Bajo,41,18.0,44.59,21709.37063983081,Norte,1943.8072137198697,2015,1
SunWave,Eólica,Medio,5,,989.86,481929.52728286444,Este,3749.24478216096,2020,1
VientoVerde,Geotérmica,Alto,5,19.0,39.72,19338.331505137467,,3749.24478216096,2005,0
VientoVerde,Hidráulica,Bajo,24,4.0,450.08,219128.8077500572,,2796.3749543726067,2005,1
SolarFlow,Solar,Medio,23,13.0,509.57,248092.487036075,Sur,2846.5259979404145,2005,1
HydroFlux,Eólica,Alto,33,14.0,126.11,61398.71566245937,Este,2345.0155622623342,2015,1
HydroFlux,Solar,Bajo,14,3.0,,86355.48487075108,Oeste,3297.8853900506874,2015,1
Solaris,Solar,Medio,22,10.0,358.29,174439.34529143263,Oeste,2896.677041508223,2015,1
VientoVerde,Hidráulica,Medio,32,,764.06,371995.10498024506,Oeste,2395.166605830142,2005,1
HydroFlux,Geotérmica,Alto,39,1.0,512.01,249280.44093518215,Oeste,2044.1093008554856,2010,1
HydroFlux,Solar,Bajo,47,14.0,,312334.50219475804,Norte,1642.9009523130212,2010,1
Solaris,Eólica,Medio,35,8.0,,479719.1540443618,Norte,2244.7134751267176,2010,1
HydroFlux,Hidrógeno verde,Alto,31,19.0,770.33,375047.7570078687,Este,2445.31764939795,2020,0
EcoWind,Solar,Alto,15,14.0,@#$,214230.93224800072,Este,3247.734346482879,2005,1
WindStream,Solar,Medio,42,,451.98,220053.85381903406,Oeste,1893.6561701520613,2010,1
SolarFlow,Hidráulica,Medio,9,17.0,622.58,303113.25348611496,Sur,3548.6406078897276,2010,0
WindStream,Geotérmica,Medio,12,9.0,668.71,,Oeste,3398.187477186303,2010,0
Solaris,Hidrógeno verde,Alto,38,6.0,505.7,246208.31425347476,Este,2094.2603444232936,2005,1
SunWave,Eólica,Medio,16,,648.41,315689.0113606794,Oeste,3197.583302915071,2010,0
SolarFlow,Hidrógeno verde,,42,7.0,33.3,16212.64952469984,Este,1893.6561701520613,2010,0
Solaris,Eólica,Alto,5,17.0,435.33,211947.52905668414,Oeste,3749.24478216096,2005,1
VientoVerde,Geotérmica,Medio,35,1.0,,139316.80665143722,Sur,2244.7134751267176,2020,0
SunWave,Eólica,Medio,8,5.0,,67129.13262659502,Oeste,3598.7916514575354,2015,1
WindStream,Hidráulica,Bajo,49,9.0,108.55,52849.34251970473,Sur,1542.598865177405,2010,0
Solaris,Hidráulica,Medio,9,,607.16,295605.7743368395,Sur,3548.6406078897276,2015,0
VientoVerde,Hidráulica,Medio,34,2.0,,257240.70579190415,Este,2294.864518694526,2020,1
SolarFlow,Hidráulica,Medio,28,11.0,261.05,127096.46121390071,Sur,2595.7707801013744,2020,1
SolarFlow,Hidrógeno verde,Bajo,7,6.0,476.24,,Norte,3648.9426950253437,2010,0
AquaPower,Geotérmica,Medio,15,,497.31,,Norte,3247.734346482879,2005,0
VientoVerde,Eólica,,49,4.0,,98863.08145602251,Norte,1542.598865177405,2020,1
EcoWind,Eólica,Bajo,8,18.0,655.57,319174.9744416659,Este,3598.7916514575354,2015,0
HydroFlux,Hidráulica,Alto,30,11.0,783.11,381269.9089876184,Norte,2495.4686929657582,2015,0
SunWave,Hidráulica,Medio,31,,,386352.7937034702,Este,2445.31764939795,2015,0
VientoVerde,Solar,,47,15.0,606.45,295260.09922685346,Este,1642.9009523130212,2015,1
AquaPower,Geotérmica,Alto,31,,516.52,251476.20818312198,,2445.31764939795,2020,1
HydroFlux,Hidrógeno verde,Medio,46,2.0,70.4,34275.39118735342,Sur,1693.051995880829,2010,1
HydroFlux,Eólica,Alto,10,,294.95,143601.2305498564,Oeste,3498.4895643219193,2010,1
Solaris,Solar,Alto,19,13.0,102.34,49825.90247320666,Este,3047.130172211647,2015,1
HydroFlux,Solar,Medio,34,4.0,964.18,469426.79936111387,Norte,2294.864518694526,2010,1
EcoWind,Eólica,Medio,46,7.0,143.73,69977.30078633958,Este,1693.051995880829,2015,1
SolarFlow,Hidrógeno verde,Medio,41,,,78025.20158643833,Sur,1943.8072137198697,2015,0
AquaPower,Solar,Alto,41,4.0,890.68,433642.12248227187,Sur,1943.8072137198697,2005,1
HydroFlux,Solar,Alto,46,15.0,,,Norte,1693.051995880829,2020,1
Solaris,Geotérmica,Alto,41,1.0,768.17,373996.1256873476,Este,1943.8072137198697,2020,1
EcoWind,Hidrógeno verde,Medio,39,3.0,15.35,7473.398504628905,,2044.1093008554856,2015,0
WindStream,Solar,Alto,27,14.0,11.33,5516.195769214691,Oeste,2645.9218236691822,2020,0
SolarFlow,Hidrógeno verde,Bajo,10,6.0,384.32,187112.4764364157,Este,3498.4895643219193,2010,1
SolarFlow,Eólica,Medio,8,18.0,151.96,,Este,3598.7916514575354,2015,1
AquaPower,Hidráulica,Bajo,22,,,13729.63112902509,Este,2896.677041508223,2005,1
SolarFlow,Solar,Medio,13,6.0,469.43,228549.67166305846,Norte,3348.0364336184953,2010,0
HydroFlux,Geotérmica,Medio,33,,943.63,459421.69582560094,Sur,2345.0155622623342,2005,1
Solaris,Eólica,Medio,17,16.0,330.58,160948.27867493313,Oeste,3147.432259347263,2005,1
SolarFlow,Hidrógeno verde,Medio,21,5.0,664.53,323537.29695641994,Norte,2946.8280850760307,2020,1
SolarFlow,Eólica,Medio,49,,,319243.13573095895,Este,1542.598865177405,2020,1
WindStream,Solar,Medio,36,,258.57,125889.03266070984,Este,2194.56243155891,2015,1
WindStream,Hidrógeno verde,Bajo,26,,653.92,318371.6449607123,Sur,2696.0728672369905,2020,1
SunWave,Hidráulica,Medio,8,7.0,220.21,,Este,3598.7916514575354,2005,1
EcoWind,Eólica,Bajo,9,3.0,130.79,63677.25019025502,Norte,3548.6406078897276,2005,1
HydroFlux,Solar,Bajo,41,13.0,704.37,342934.0524238086,Norte,1943.8072137198697,2010,0
SolarFlow,error,Medio,45,15.0,122.31,59548.62352450563,Sur,1743.2030394486374,2005,0
VientoVerde,Hidrógeno verde,Medio,17,19.0,,485376.5410556835,Norte,3147.432259347263,2015,1
SolarFlow,Eólica,Medio,38,3.0,191.62,93293.3303880776,Oeste,2094.2603444232936,2015,1
Solaris,Eólica,Medio,49,,598.2,291243.4518220855,Norte,1542.598865177405,2020,1
SunWave,Hidráulica,Medio,26,5.0,,203149.85407436203,Norte,2696.0728672369905,2020,1
EcoWind,Hidráulica,Alto,27,1.0,135.12,65785.3814948181,Norte,2645.9218236691822,2020,0
VientoVerde,Geotérmica,Medio,7,4.0,37.57,18291.56884813733,Oeste,3648.9426950253437,2015,1
SunWave,Geotérmica,Medio,46,12.0,626.5,305021.76958631986,Este,1693.051995880829,2005,1
AquaPower,Solar,,38,,808.69,393723.9502741596,Norte,2094.2603444232936,2020,0
EcoWind,,Medio,36,13.0,843.6,410720.4546257293,Sur,2194.56243155891,2010,0
SolarFlow,Geotérmica,Medio,49,,487.89,,Oeste,1542.598865177405,2020,1
SolarFlow,Geotérmica,Medio,25,,779.68,379599.95739993907,Sur,2746.223910804799,2015,0
EcoWind,Hidrógeno verde,Medio,48,4.0,676.12,329180.07797717885,Norte,1592.7499087452134,2020,1
SolarFlow,Hidráulica,Medio,25,14.0,727.01,353956.7066351961,,2746.223910804799,2005,0
HydroFlux,Solar,Medio,48,,497.67,242298.77744616728,Norte,1592.7499087452134,2020,1
EcoWind,Hidráulica,Alto,15,,637.08,310172.81559146475,Oeste,3247.734346482879,2015,1
SunWave,Hidráulica,Alto,43,10.0,807.47,393129.973324606,Sur,1843.5051265842535,2015,1
EcoWind,Geotérmica,Alto,8,,,196650.1882739193,Sur,3598.7916514575354,2010,1
VientoVerde,Hidrógeno verde,Alto,5,16.0,807.92,393349.0631830479,Norte,3749.24478216096,2015,1
SolarFlow,Eólica,Bajo,32,1.0,596.1,290221.03248268995,Norte,2395.166605830142,2010,0
HydroFlux,Hidrógeno verde,Bajo,28,17.0,174.24,84831.59318869971,Este,2595.7707801013744,2005,0
HydroFlux,Hidrógeno verde,Bajo,39,9.0,34.44,16767.67716608596,Norte,2044.1093008554856,2015,1
AquaPower,Hidráulica,Medio,17,,369.13,179716.9765481217,Norte,3147.432259347263,2020,1
SunWave,,Alto,38,19.0,551.23,268375.33926427306,Este,2094.2603444232936,2005,1
WindStream,,,15,13.0,841.42,409659.0859781664,Norte,3247.734346482879,2020,0
WindStream,Hidráulica,Alto,40,3.0,136.21,66316.06581859957,Norte,1993.9582572876775,2020,0
EcoWind,Solar,Bajo,21,7.0,802.2,390564.18764907547,Este,2946.8280850760307,2020,0
AquaPower,Eólica,Alto,39,9.0,864.38,420837.53742222366,,2044.1093008554856,2005,1
Solaris,Hidráulica,Medio,22,,,,Oeste,2896.677041508223,2005,1
EcoWind,Eólica,Bajo,44,10.0,853.08,415335.9476435718,Norte,1793.3540830164452,2015,1
AquaPower,Hidráulica,Medio,26,17.0,991.54,482747.4627543808,Norte,2696.0728672369905,2020,1
SunWave,Geotérmica,Bajo,28,12.0,729.57,355203.08449655445,Este,2595.7707801013744,2010,0
SunWave,Hidrógeno verde,Bajo,23,16.0,786.92,383124.86978909303,Este,2846.5259979404145,2015,0
SunWave,Geotérmica,Medio,41,3.0,994.47,484173.9811660136,Oeste,1943.8072137198697,2005,0
SunWave,Eólica,Alto,43,9.0,609.43,296710.96095609077,Sur,1843.5051265842535,2010,1
SunWave,Hidrógeno verde,Medio,25,15.0,314.81,153270.39630242513,,2746.223910804799,2005,0
AquaPower,Hidráulica,Medio,12,,839.16,408558.768022436,Sur,3398.187477186303,2010,1
AquaPower,Hidrógeno verde,Medio,32,13.0,618.34,301048.9401532402,Sur,2395.166605830142,2015,0
HydroFlux,Solar,Alto,9,14.0,585.38,285001.825188252,Este,3548.6406078897276,2010,1
VientoVerde,Hidrógeno verde,Bajo,21,15.0,261.1,127120.80453150538,Norte,2946.8280850760307,2015,1
WindStream,Solar,Medio,41,16.0,758.77,369419.58197767264,Norte,1943.8072137198697,2005,1
SolarFlow,Hidrógeno verde,Bajo,40,,90.85,,Este,1993.9582572876775,2010,1
SunWave,Solar,Bajo,23,,925.04,450370.8503401904,Sur,2846.5259979404145,2020,1
Solaris,Eólica,Medio,31,8.0,,,Este,2445.31764939795,2020,0
SolarFlow,Geotérmica,Bajo,38,2.0,136.5,66457.25706070656,Oeste,2094.2603444232936,2005,1
AquaPower,Hidráulica,Medio,15,5.0,@#$,218086.913756578,Norte,3247.734346482879,2010,1
Solaris,Hidrógeno verde,Alto,49,6.0,52.05,25341.393626445246,Oeste,1542.598865177405,2020,0
Solaris,Geotérmica,Bajo,16,,,334856.9396425843,,3197.583302915071,2015,0
Solaris,Hidráulica,Medio,25,18.0,,439971.385059482,Norte,2746.223910804799,2010,1
HydroFlux,Hidráulica,Bajo,15,1.0,838.89,,Oeste,3247.734346482879,2010,1
AquaPower,Solar,,43,17.0,136.1,,Oeste,1843.5051265842535,2020,1
Solaris,Eólica,Medio,32,,135.01,65731.82619608784,Sur,2395.166605830142,2015,1
SunWave,Eólica,Alto,9,10.0,815.3,396942.1368614949,Norte,3548.6406078897276,2015,0
EcoWind,Geotérmica,Medio,21,,925.01,450356.24434962764,Oeste,2946.8280850760307,2015,0
Solaris,Eólica,,24,14.0,466.06,226908.93205650474,Oeste,2796.3749543726067,2010,1
HydroFlux,Hidrógeno verde,Medio,45,10.0,503.98,245370.90412787467,,1743.2030394486374,2005,0
SolarFlow,Eólica,Alto,16,,325.08,158270.51373842114,Oeste,3197.583302915071,2010,1
AquaPower,Geotérmica,Medio,10,19.0,895.32,435901.1823559839,Oeste,3498.4895643219193,2010,1
VientoVerde,Eólica,Alto,@#$,4.0,648.45,315708.4860147631,Oeste,2946.8280850760307,2020,0
HydroFlux,Hidrógeno verde,Alto,23,2.0,295.37,143805.7144177355,Sur,2846.5259979404145,2005,1
Solaris,Solar,Bajo,30,,305.8,148883.73047006642,Oeste,2495.4686929657582,2015,0
error,Geotérmica,,48,10.0,,434425.9773091418,Oeste,1592.7499087452134,2020,1
EcoWind,Solar,Medio,48,11.0,23.5,11441.359274187576,Norte,1592.7499087452134,2010,0
Solaris,Solar,Medio,36,,329.5,160422.4630146726,Norte,2194.56243155891,2005,1
HydroFlux,Solar,Alto,10,7.0,558.81,272065.78621313866,Sur,3498.4895643219193,2015,0
WindStream,Hidráulica,Alto,40,,156.74,76311.43202707067,Este,1993.9582572876775,2015,1
SunWave,,,42,19.0,,49261.13750477868,Norte,1893.6561701520613,2010,1
VientoVerde,Solar,Bajo,15,15.0,817.12,397828.23362230434,Sur,3247.734346482879,2015,0
SolarFlow,Geotérmica,,37,8.0,895.46,435969.3436452769,Oeste,2144.411387991102,2015,1
HydroFlux,Hidrógeno verde,Bajo,28,11.0,825.37,,Oeste,2595.7707801013744,2005,0
AquaPower,Hidrógeno verde,Alto,27,9.0,899.8,438082.34361336083,Sur,2645.9218236691822,2020,1
VientoVerde,Eólica,Medio,19,15.0,557.58,271466.94060006423,Oeste,3047.130172211647,2005,0
VientoVerde,Geotérmica,Medio,31,1.0,814.14,396377.3718930669,Oeste,2445.31764939795,2020,1
VientoVerde,Hidráulica,Bajo,15,1.0,390.2,189975.25058672306,Este,3247.734346482879,2020,0
Solaris,Solar,Medio,21,,669.61,326010.5780250529,Oeste,2946.8280850760307,2020,1
SunWave,Eólica,Medio,18,3.0,,481486.4789024597,Norte,3097.281215779455,2015,0
Solaris,Hidrógeno verde,Medio,31,10.0,233.47,113668.68722317333,Oeste,2445.31764939795,2005,1
AquaPower,Hidráulica,Bajo,22,8.0,396.0,192799.07542886297,Sur,2896.677041508223,2015,0
Solaris,Hidráulica,Alto,32,15.0,485.25,236251.8973531711,Este,2395.166605830142,2010,1
WindStream,,Alto,8,10.0,146.64,71394.08187093046,Oeste,3598.7916514575354,2005,1
SunWave,Hidrógeno verde,Bajo,11,1.0,90.23,43929.95094935936,Sur,3448.3385207541114,2020,0
SunWave,Geotérmica,Bajo,49,18.0,831.43,404795.2911207564,Norte,1542.598865177405,2015,1
AquaPower,Hidráulica,,39,2.0,,475683.0319855101,Oeste,2044.1093008554856,2015,0
SolarFlow,Solar,Medio,13,19.0,410.68,199946.2734775895,Este,3348.0364336184953,2005,0
WindStream,Geotérmica,Medio,12,,96.77,47114.05689204815,Oeste,3398.187477186303,2005,1
HydroFlux,Hidrógeno verde,Medio,49,1.0,75.15,36588.00635979559,Sur,1542.598865177405,2020,1
Solaris,Hidráulica,Bajo,21,2.0,,,Este,2946.8280850760307,2020,1
EcoWind,Geotérmica,Medio,21,16.0,469.18,228427.9550750352,Oeste,2946.8280850760307,2010,0
Solaris,Geotérmica,Medio,37,,326.83,159122.52985458405,Norte,2144.411387991102,2020,0
VientoVerde,Geotérmica,Medio,36,13.0,481.7,234523.52180324064,Este,2194.56243155891,2015,0
Solaris,Hidráulica,,12,16.0,325.12,158289.9883925049,Norte,3398.187477186303,2010,1
HydroFlux,Hidráulica,Bajo,23,,494.15,240585.00788679958,Sur,2846.5259979404145,2010,1
Solaris,error,,42,7.0,860.96,419172.45449806534,Oeste,1893.6561701520613,2010,1
WindStream,Hidrógeno verde,Medio,7,17.0,596.38,290357.355061276,Norte,3648.9426950253437,2005,0
WindStream,Solar,Medio,9,7.0,,339691.5225188687,Sur,3548.6406078897276,2020,0
SunWave,Geotérmica,Alto,17,13.0,371.02,180637.15395357762,Oeste,3147.432259347263,2010,0
AquaPower,Eólica,Medio,35,5.0,741.12,360826.39086322964,Sur,2244.7134751267176,2005,0
SolarFlow,Solar,Alto,20,17.0,669.95,326176.11258476455,Norte,2996.9791286438385,2005,0
EcoWind,Eólica,,36,3.0,128.37,62499.03361818975,Sur,2194.56243155891,2010,1
VientoVerde,Hidráulica,Bajo,26,7.0,576.92,280882.9358495445,Este,2696.0728672369905,2010,1
Solaris,Geotérmica,Alto,33,,,128620.35289595208,Oeste,2345.0155622623342,2015,1
Solaris,Solar,,26,7.0,806.05,392438.6231046338,Sur,2696.0728672369905,2010,1
HydroFlux,Solar,Bajo,47,1.0,431.68,210170.46687154437,Norte,1642.9009523130212,2015,0
AquaPower,Solar,Bajo,7,17.0,994.74,484305.4350810787,Oeste,3648.9426950253437,2010,1
WindStream,Solar,Bajo,14,17.0,101.58,49455.88404561591,Este,3297.8853900506874,2010,0
EcoWind,Solar,Alto,46,11.0,782.54,380992.39516692533,Oeste,1693.051995880829,2020,1
SunWave,Eólica,Bajo,25,3.0,676.96,329589.0457129371,Este,2746.223910804799,2010,1
WindStream,Geotérmica,Medio,20,15.0,769.82,374799.4551683013,Oeste,2996.9791286438385,2010,0
VientoVerde,Hidráulica,Bajo,16,11.0,314.45,153095.12441567163,Sur,3197.583302915071,2015,1
AquaPower,Hidráulica,Medio,6,16.0,497.13,242035.869616037,Sur,3699.0937385931516,2015,0
VientoVerde,Hidráulica,Bajo,45,9.0,798.54,,Norte,1743.2030394486374,2020,1
SolarFlow,Hidráulica,Medio,28,1.0,240.22,116955.03509980168,Este,2595.7707801013744,2010,1
SunWave,Eólica,Bajo,39,16.0,233.77,113814.74712880126,Norte,2044.1093008554856,2010,0
SolarFlow,Hidrógeno verde,Alto,34,9.0,555.54,270473.7332417943,Sur,2294.864518694526,2015,1
HydroFlux,Geotérmica,Bajo,34,19.0,528.33,257226.09980134136,Este,2294.864518694526,2005,1
VientoVerde,Solar,Medio,39,12.0,289.44,140918.5969498235,Norte,2044.1093008554856,2005,1
HydroFlux,Hidrógeno verde,Alto,23,19.0,305.09,148538.0553600803,Norte,2846.5259979404145,2005,0
Solaris,Hidráulica,Medio,12,9.0,285.07,138790.9909911767,,3398.187477186303,2015,1
SolarFlow,Hidrógeno verde,Medio,30,,773.8,376737.1832496317,Norte,2495.4686929657582,2015,0
AquaPower,Geotérmica,Medio,44,14.0,655.38,319082.4698347682,Norte,1793.3540830164452,2005,0
VientoVerde,Solar,Medio,11,19.0,834.09,406090.35561732406,Este,3448.3385207541114,2005,0
EcoWind,Solar,,34,19.0,975.72,475045.23706426815,Norte,2294.864518694526,2010,0
SunWave,Geotérmica,,11,,479.42,233413.4665204684,Este,3448.3385207541114,2015,0
WindStream,Geotérmica,Medio,7,,76.03,37016.44874963751,Norte,3648.9426950253437,2015,1
AquaPower,Hidráulica,Medio,5,13.0,57.61,28048.37054408282,Sur,3749.24478216096,2005,0
AquaPower,Solar,Alto,40,15.0,302.71,147379.31344209876,,1993.9582572876775,2005,0
HydroFlux,Hidrógeno verde,Medio,29,3.0,@#$,454353.4171003119,Norte,2545.6197365335665,2020,0
SolarFlow,Eólica,Bajo,41,11.0,527.98,257055.6965781088,Oeste,1943.8072137198697,2015,1
VientoVerde,Eólica,Medio,5,14.0,279.07,135869.79287861814,Sur,3749.24478216096,2020,1
VientoVerde,Geotérmica,Alto,19,,405.18,197268.50854107752,Este,3047.130172211647,2010,0
Solaris,Hidráulica,Bajo,41,18.0,602.61,293390.53243481595,Norte,1943.8072137198697,2020,0
Solaris,Eólica,Medio,17,19.0,656.42,319588.810840945,Este,3147.432259347263,2005,0
SunWave,Solar,Bajo,44,16.0,162.38,79057.35825287568,,1793.3540830164452,2015,0
HydroFlux,Geotérmica,Medio,12,2.0,977.26,475795.0112464915,Norte,3398.187477186303,2015,0
AquaPower,Hidrógeno verde,Bajo,9,8.0,549.32,267445.4245317753,Sur,3548.6406078897276,2020,1
VientoVerde,Geotérmica,Medio,13,6.0,144.33,70269.42059759544,Este,3348.0364336184953,2020,0
EcoWind,Hidrógeno verde,Alto,5,12.0,894.7,435599.3252176861,Sur,3749.24478216096,2010,1
HydroFlux,Geotérmica,Medio,40,15.0,,40843.21827708918,Sur,1993.9582572876775,2010,0
SunWave,Geotérmica,Medio,39,8.0,,442395.9794929056,Norte,2044.1093008554856,2005,1
SunWave,Geotérmica,Alto,6,4.0,996.6,,Este,3699.0937385931516,2005,1
HydroFlux,Hidrógeno verde,Alto,44,,703.43,342476.3980528411,Oeste,1793.3540830164452,2005,1
SunWave,Hidrógeno verde,Bajo,27,17.0,772.74,376221.1049164131,Sur,2645.9218236691822,2020,0
HydroFlux,Geotérmica,Medio,13,13.0,343.93,167447.94447537587,Norte,3348.0364336184953,2020,0
WindStream,Eólica,Bajo,38,,,458706.00228802406,Norte,2094.2603444232936,2015,1
HydroFlux,Hidráulica,Alto,18,,534.42,260191.11588558825,Oeste,3097.281215779455,2005,1
SolarFlow,Hidráulica,Alto,8,13.0,735.06,357875.9807695455,Norte,3598.7916514575354,2020,1
HydroFlux,Hidráulica,Medio,34,,,450288.0830603346,Sur,2294.864518694526,2015,1
SunWave,Hidrógeno verde,Alto,35,15.0,975.43,474904.04582216113,Norte,2244.7134751267176,2005,1
VientoVerde,Hidrógeno verde,Medio,42,10.0,834.87,406470.11137195665,Este,1893.6561701520613,2010,0
SolarFlow,Eólica,Medio,15,3.0,,150923.70048533645,Este,3247.734346482879,2010,1
SunWave,Hidráulica,Bajo,39,19.0,,470741.33851176524,Sur,2044.1093008554856,2020,0
Solaris,Hidráulica,Alto,12,,,307621.63590649696,Este,3398.187477186303,2015,0
Solaris,,Bajo,7,14.0,931.34,453438.1083583769,Oeste,3648.9426950253437,2010,1
VientoVerde,Hidrógeno verde,Alto,18,8.0,679.34,,Norte,3097.281215779455,2015,0
VientoVerde,Hidráulica,Alto,17,4.0,314.17,152958.80183708557,Sur,3147.432259347263,2015,1
SolarFlow,Eólica,Alto,49,11.0,376.32,183217.545619671,Oeste,1542.598865177405,2010,0
error,Eólica,Bajo,36,11.0,554.97,270196.21942110127,Norte,2194.56243155891,2015,1
VientoVerde,Hidráulica,Medio,38,11.0,,385651.7061564562,Oeste,2094.2603444232936,2010,1
Solaris,Hidrógeno verde,Bajo,49,2.0,324.8,158134.19115983509,Sur,1542.598865177405,2020,1
HydroFlux,Eólica,Medio,23,17.0,583.93,284295.86897771707,Sur,2846.5259979404145,2005,0
SunWave,Geotérmica,Bajo,42,9.0,352.17,171459.72321662292,Oeste,1893.6561701520613,2005,1
Solaris,,Alto,20,2.0,817.61,398066.79813482997,Norte,2996.9791286438385,2020,1
Solaris,Solar,,6,15.0,472.06,229830.13016906328,Este,3699.0937385931516,2010,1
WindStream,,,44,16.0,85.96,41851.03162592187,Este,1793.3540830164452,2010,0
SolarFlow,Hidrógeno verde,Medio,21,,174.39,84904.62314151367,Oeste,2946.8280850760307,2010,1
SolarFlow,Hidráulica,Medio,38,8.0,70.49,34319.20915904179,Sur,2094.2603444232936,2010,1
AquaPower,Hidrógeno verde,,46,9.0,,245531.57002406538,Norte,1693.051995880829,2020,1
WindStream,Hidrógeno verde,Medio,20,5.0,115.27,56121.08440577029,Norte,2996.9791286438385,2005,1
HydroFlux,Hidrógeno verde,Alto,42,16.0,123.0,59884.56130744986,Sur,1893.6561701520613,2015,1
SolarFlow,Hidrógeno verde,Medio,6,13.0,941.64,458452.83178493567,Este,3699.0937385931516,2015,0
SunWave,,Alto,6,7.0,873.93,425487.11108471267,Norte,3699.0937385931516,2005,0
VientoVerde,Geotérmica,Alto,30,17.0,457.57,222775.43672723442,Oeste,2495.4686929657582,2020,0
WindStream,Eólica,Bajo,17,3.0,985.95,480025.87984618044,Este,3147.432259347263,2015,1
VientoVerde,Solar,Alto,35,5.0,10.18,4956.299464307639,,2244.7134751267176,2005,1
Solaris,Hidrógeno verde,Bajo,38,19.0,,300805.5069771937,Este,2094.2603444232936,2020,0
SunWave,Eólica,Alto,43,12.0,620.26,301983.72354925895,Sur,1843.5051265842535,2015,1
SunWave,Solar,Medio,7,,462.87,225355.8283933278,Oeste,3648.9426950253437,2010,1
Solaris,Hidráulica,Alto,12,9.0,@#$,196197.40256647274,Oeste,3398.187477186303,2010,1
WindStream,Geotérmica,Alto,27,6.0,460.83,224362.62103505788,Sur,2645.9218236691822,2020,0
Solaris,Solar,Alto,18,17.0,,204878.2296242925,Oeste,3097.281215779455,2010,0
VientoVerde,Hidráulica,Alto,31,,733.19,356965.54069113143,Este,2445.31764939795,2020,0
AquaPower,Solar,,33,3.0,144.0,70108.75470140472,Norte,2345.0155622623342,2005,0
SunWave,Geotérmica,Bajo,43,4.0,205.66,100128.93397146455,Norte,1843.5051265842535,2005,0
EcoWind,Geotérmica,,43,10.0,188.71,91876.5493034867,Sur,1843.5051265842535,2015,0
EcoWind,Eólica,Bajo,5,5.0,269.85,131380.8851123199,Este,3749.24478216096,2020,1
VientoVerde,Hidrógeno verde,Medio,21,10.0,530.01,258044.03527285773,Oeste,2946.8280850760307,2015,0
HydroFlux,Solar,Medio,45,,120.1,58472.6488863799,Oeste,1743.2030394486374,2015,1
SolarFlow,Solar,Alto,34,,869.49,423325.4244814194,Norte,2294.864518694526,2005,0
Solaris,Hidráulica,Medio,17,13.0,304.39,148197.24891361516,Oeste,3147.432259347263,2015,0
Solaris,Geotérmica,Alto,25,,170.91,83210.32823622972,Norte,2746.223910804799,2010,0
HydroFlux,Solar,,23,16.0,678.87,330518.96044543484,Sur,2846.5259979404145,2015,0
HydroFlux,,Alto,23,,47.71,23228.393658361245,Oeste,2846.5259979404145,2020,1
VientoVerde,Solar,,29,8.0,623.77,303692.62444510567,Este,2545.6197365335665,2010,0
VientoVerde,Eólica,Medio,26,8.0,701.22,341400.4234147154,Oeste,2696.0728672369905,2005,1
HydroFlux,Hidrógeno verde,Medio,35,13.0,222.77,108459.21725577729,Norte,2244.7134751267176,2020,1
SunWave,Solar,Alto,21,2.0,51.54,25093.091786877772,Sur,2946.8280850760307,2010,1
VientoVerde,Geotérmica,Bajo,27,,370.01,180145.4189379636,,2645.9218236691822,2020,1
AquaPower,Eólica,Medio,36,,107.61,52391.68814873724,Oeste,2194.56243155891,2010,1
VientoVerde,Solar,Medio,14,12.0,125.31,61009.222580784895,Norte,3297.8853900506874,2020,0
Solaris,Hidráulica,Bajo,14,11.0,,127422.66166980308,Norte,3297.8853900506874,2020,1
VientoVerde,Hidrógeno verde,Medio,40,15.0,302.51,147281.94017168015,Sur,1993.9582572876775,2010,0
SunWave,Solar,Bajo,12,16.0,534.67,260312.83247361152,Este,3398.187477186303,2005,0
HydroFlux,Eólica,,24,17.0,681.61,331852.97425016994,Oeste,2796.3749543726067,2005,1
Solaris,Hidráulica,,36,2.0,,290581.31358323887,Sur,2194.56243155891,2020,1
VientoVerde,Eólica,Alto,18,18.0,156.88,76379.5933163637,Este,3097.281215779455,2020,1
SunWave,Eólica,Medio,32,12.0,180.37,87816.08392703034,Norte,2395.166605830142,2005,0
AquaPower,Hidráulica,Alto,28,19.0,879.98,428432.65251487587,Este,2595.7707801013744,2005,1
VientoVerde,Eólica,Medio,19,,562.77,273993.7769674273,,3047.130172211647,2015,0
SunWave,Hidráulica,Medio,26,17.0,871.24,424177.44059758226,Norte,2696.0728672369905,2005,0
AquaPower,Solar,Medio,34,6.0,377.83,183952.71381133155,Sur,2294.864518694526,2020,0
HydroFlux,,Medio,8,15.0,,301009.9908450728,Norte,3598.7916514575354,2010,1
VientoVerde,Hidráulica,Bajo,17,3.0,528.43,257274.78643655064,Sur,3147.432259347263,2005,0
AquaPower,Hidrógeno verde,Medio,27,6.0,325.93,158684.35013770027,Este,2645.9218236691822,2015,1
Solaris,Hidráulica,Bajo,12,3.0,475.22,231368.62784167746,Este,3398.187477186303,2015,1
HydroFlux,Hidráulica,Medio,22,1.0,507.47,247070.06769667956,,2896.677041508223,2015,1
Solaris,Solar,Medio,16,13.0,208.76,101638.21966295311,Sur,3197.583302915071,2010,1
EcoWind,Hidrógeno verde,,35,14.0,321.86,156702.8040846814,Norte,2244.7134751267176,2005,1
WindStream,Geotérmica,Bajo,18,13.0,793.5,,Sur,3097.281215779455,2005,1
VientoVerde,Solar,Alto,38,4.0,916.63,446276.30431908753,Sur,2094.2603444232936,2005,1
AquaPower,Solar,Medio,22,7.0,366.2,178290.45813648895,Sur,2896.677041508223,2010,0
WindStream,Geotérmica,,38,10.0,313.9,152827.34792202042,Este,2094.2603444232936,2010,1
WindStream,Hidráulica,Alto,15,7.0,203.25,98955.5860629202,Sur,3247.734346482879,2020,1
AquaPower,Eólica,Bajo,45,15.0,681.71,331901.66088537924,Este,1743.2030394486374,2015,0
HydroFlux,Hidrógeno verde,Medio,16,15.0,@#$,160602.60356494706,Sur,3197.583302915071,2015,0
VientoVerde,Eólica,Alto,19,4.0,987.87,,Este,3047.130172211647,2005,1
EcoWind,Geotérmica,Bajo,35,,332.43,161848.98142630534,,2244.7134751267176,2010,0
Solaris,Solar,Bajo,33,5.0,400.19,194839.04544413302,Este,2345.0155622623342,2010,1
error,Solar,Bajo,30,12.0,607.3,295673.93562613253,Este,2495.4686929657582,2005,0
Solaris,Hidrógeno verde,Medio,22,1.0,803.67,391279.8811866523,Norte,2896.677041508223,2005,1
SunWave,Solar,Bajo,36,,474.82,231173.8813008402,,2194.56243155891,2020,0
Solaris,Solar,Medio,26,1.0,428.43,208588.15122724185,Oeste,2696.0728672369905,2015,1
AquaPower,Hidrógeno verde,,42,5.0,995.68,484763.08945204614,Norte,1893.6561701520613,2015,1
EcoWind,Hidrógeno verde,Medio,21,6.0,20.39,9927.204919178072,,2946.8280850760307,2015,1
VientoVerde,Geotérmica,Alto,27,,896.11,436285.80677413737,Oeste,2645.9218236691822,2020,1
SunWave,,Alto,28,15.0,157.65,76754.48040747538,Oeste,2595.7707801013744,2005,0
VientoVerde,Solar,Medio,12,5.0,788.07,383684.76609400014,Oeste,3398.187477186303,2005,0
VientoVerde,Geotérmica,Medio,45,14.0,,302709.15441387764,Sur,1743.2030394486374,2015,0
VientoVerde,Hidráulica,Medio,10,18.0,348.43,169638.84305979477,Oeste,3498.4895643219193,2015,1
SolarFlow,Hidráulica,Medio,9,16.0,,426076.2193707453,Oeste,3548.6406078897276,2020,0
HydroFlux,,Medio,48,6.0,,11090.815500680552,Norte,1592.7499087452134,2010,0
Solaris,Geotérmica,Bajo,33,14.0,234.42,114131.21025766176,Este,2345.0155622623342,2010,1
VientoVerde,Solar,,32,8.0,,278107.79764261394,,2395.166605830142,2015,1
Solaris,Geotérmica,Medio,15,7.0,,174312.7600398884,Este,3247.734346482879,2020,1
VientoVerde,Geotérmica,Bajo,5,8.0,,299067.39410022134,Norte,3749.24478216096,2015,0
SunWave,Hidráulica,Medio,47,13.0,,16490.1633453929,Este,1642.9009523130212,2010,0
HydroFlux,Eólica,Medio,23,6.0,,60999.48525374304,Oeste,2846.5259979404145,2015,1
HydroFlux,Solar,Alto,13,18.0,135.83,66131.0566048042,Oeste,3348.0364336184953,2010,0
AquaPower,Hidráulica,Alto,31,,197.39,96102.54923965469,Sur,2445.31764939795,2010,1
SolarFlow,Eólica,Alto,38,,@#$,226266.26847174187,Sur,2094.2603444232936,2010,1
AquaPower,Eólica,Bajo,48,11.0,754.61,367394.2179529654,Sur,1592.7499087452134,2005,1
AquaPower,Hidrógeno verde,Medio,8,,,441334.6108453427,Norte,3598.7916514575354,2005,0
AquaPower,Solar,Medio,40,6.0,837.02,407516.8740289568,Sur,1993.9582572876775,2015,1
AquaPower,Eólica,Bajo,22,16.0,204.92,99768.65287091566,Norte,2896.677041508223,2010,1
AquaPower,Hidráulica,Bajo,19,12.0,,217502.67413406627,,3047.130172211647,2005,1
EcoWind,Hidrógeno verde,,17,11.0,207.42,100985.81875114837,Este,3147.432259347263,2015,0
HydroFlux,Solar,Bajo,23,10.0,271.83,132344.88048946418,Oeste,2846.5259979404145,2015,0
AquaPower,Geotérmica,,10,3.0,508.51,247576.40870285634,Oeste,3498.4895643219193,2015,0
VientoVerde,Hidráulica,Bajo,16,13.0,77.43,37698.06164256783,Oeste,3197.583302915071,2015,1
HydroFlux,Eólica,Bajo,41,,225.99,110026.92690951703,Sur,1943.8072137198697,2015,1
HydroFlux,Eólica,Bajo,21,15.0,936.02,455716.6428861725,Sur,2946.8280850760307,2020,0
WindStream,Hidráulica,Alto,27,16.0,471.46,229538.01035780742,Sur,2645.9218236691822,2010,1
EcoWind,Eólica,Alto,30,13.0,450.93,219542.64414933632,Este,2495.4686929657582,2015,0
AquaPower,Hidrógeno verde,Alto,33,17.0,24.42,11889.276318113218,Sur,2345.0155622623342,2020,1
Solaris,Solar,Medio,37,3.0,254.93,124116.83913909101,Norte,2144.411387991102,2010,1
SunWave,Hidrógeno verde,Bajo,31,11.0,867.63,422419.85306652624,Oeste,2445.31764939795,2005,0
SolarFlow,Eólica,Medio,29,19.0,172.98,84218.14158506242,Este,2545.6197365335665,2015,0
VientoVerde,,Medio,14,11.0,420.97,204956.1282406274,Este,3297.8853900506874,2020,0
Solaris,Solar,Alto,27,16.0,24.19,11777.297057131807,Este,2645.9218236691822,2005,1
EcoWind,Solar,Bajo,25,3.0,483.55,235424.22455461285,Este,2746.223910804799,2020,1
SunWave,Hidráulica,Medio,25,6.0,30.81,15000.35230798805,Este,2746.223910804799,2010,1
EcoWind,Hidráulica,Bajo,47,14.0,821.41,399916.89027278364,Norte,1642.9009523130212,2010,0
VientoVerde,,Medio,17,18.0,826.61,402448.59530366777,Oeste,3147.432259347263,2005,1
HydroFlux,Solar,Alto,41,17.0,789.86,384556.25686424674,Este,1943.8072137198697,2020,0
SunWave,Geotérmica,Medio,37,4.0,290.53,141449.28127360492,Oeste,2144.411387991102,2015,1
HydroFlux,Hidráulica,Medio,28,,838.86,408412.7081168081,Sur,2595.7707801013744,2015,0
VientoVerde,Hidráulica,Medio,48,11.0,547.57,266593.4084156124,Este,1592.7499087452134,2005,1
Solaris,Solar,Medio,15,3.0,380.07,@#$,Este,3247.734346482879,2005,1
VientoVerde,Hidrógeno verde,Alto,21,3.0,629.08,306277.88477472,Oeste,2946.8280850760307,2005,1
Solaris,Eólica,Alto,8,16.0,22.22,10818.170343508422,,3598.7916514575354,2020,1
SunWave,Hidráulica,Alto,29,5.0,,,Este,2545.6197365335665,2015,0
SunWave,Hidráulica,Alto,34,10.0,744.87,,Este,2294.864518694526,2015,0
AquaPower,Hidrógeno verde,Medio,13,19.0,251.72,122553.9981488722,Norte,3348.0364336184953,2015,1
EcoWind,,Medio,25,,602.03,293108.149950602,Norte,2746.223910804799,2005,0
AquaPower,Geotérmica,Medio,24,19.0,391.25,190486.4602564208,Este,2796.3749543726067,2015,0
EcoWind,,,23,11.0,856.26,416884.1826432278,Norte,2846.5259979404145,2010,1
AquaPower,Eólica,Alto,23,2.0,952.89,463930.07824598294,Sur,2846.5259979404145,2005,1
HydroFlux,Eólica,Bajo,16,10.0,884.73,430745.26768731803,Este,3197.583302915071,2015,0
SunWave,Solar,Alto,41,11.0,277.91,,Sur,1943.8072137198697,2020,0
Solaris,Geotérmica,Medio,46,16.0,202.22,@#$,Oeste,1693.051995880829,2005,0
EcoWind,error,Medio,21,19.0,479.69,233544.92043553354,Sur,2946.8280850760307,2010,1
VientoVerde,Geotérmica,Medio,41,11.0,17.26,8403.313237126706,Oeste,1943.8072137198697,2010,1
EcoWind,Hidráulica,Alto,43,14.0,35.55,17308.09881690929,Este,1843.5051265842535,2020,1
Solaris,Hidrógeno verde,Medio,32,2.0,,271554.5765434409,Oeste,2395.166605830142,2020,1
AquaPower,Geotérmica,Medio,45,5.0,525.24,255721.68277337373,Oeste,1743.2030394486374,2005,0
EcoWind,Hidrógeno verde,Bajo,39,5.0,994.64,484256.74844586937,Sur,2044.1093008554856,2005,1
SolarFlow,Eólica,Medio,22,19.0,,102154.2979961718,Sur,2896.677041508223,2010,1
HydroFlux,Eólica,Bajo,18,12.0,265.52,129272.7538077568,Sur,3097.281215779455,2020,0
SunWave,Solar,Alto,39,,122.41,59597.31015971494,Este,2044.1093008554856,2005,1
Solaris,,Medio,48,,918.37,447123.4517717295,Este,1592.7499087452134,2010,1
SunWave,Hidrógeno verde,Medio,45,17.0,780.03,379770.36062317167,Sur,1743.2030394486374,2020,1
SolarFlow,Hidráulica,Bajo,11,10.0,824.12,401236.29808695597,Este,3448.3385207541114,2010,1
EcoWind,Eólica,Bajo,45,,903.74,440000.59704060765,Este,1743.2030394486374,2015,0
EcoWind,Eólica,Alto,17,14.0,529.65,257868.76338610423,Oeste,3147.432259347263,2020,0
VientoVerde,Hidráulica,Bajo,22,,456.68,222342.12567387157,Oeste,2896.677041508223,2005,1
SolarFlow,Hidrógeno verde,Bajo,41,11.0,337.09,164117.77862705913,Sur,1943.8072137198697,2005,0
Solaris,Hidrógeno verde,Bajo,17,18.0,593.32,288867.5440238712,Este,3147.432259347263,2015,1
VientoVerde,Geotérmica,Alto,40,,,223831.93671127644,Oeste,1993.9582572876775,2020,1
HydroFlux,Geotérmica,,35,,,222522.26622414603,Norte,2244.7134751267176,2010,1
VientoVerde,Solar,,6,12.0,937.56,456466.4170683959,Este,3699.0937385931516,2005,1
WindStream,,Bajo,20,,,479168.9950664966,Norte,2996.9791286438385,2015,1
Solaris,Geotérmica,Medio,13,9.0,798.52,388772.5194733729,Sur,3348.0364336184953,2015,1
WindStream,Hidrógeno verde,Alto,13,9.0,759.19,369624.0658455517,Este,3348.0364336184953,2020,1
SolarFlow,Hidráulica,Medio,42,,683.75,332894.86824364914,Sur,1893.6561701520613,2020,0
AquaPower,Hidrógeno verde,Bajo,15,19.0,174.41,84914.36046855553,Sur,3247.734346482879,2005,0
WindStream,Eólica,Bajo,26,1.0,68.51,33355.21378189748,Sur,2696.0728672369905,2015,0
HydroFlux,Hidrógeno verde,Bajo,37,7.0,693.82,337797.61240922654,Sur,2144.411387991102,2010,0
VientoVerde,,Medio,40,,,356142.7365560941,Sur,1993.9582572876775,2015,0
AquaPower,Eólica,Alto,49,1.0,56.5,27507.94889325949,Este,1542.598865177405,2010,0
VientoVerde,Hidráulica,,27,15.0,928.77,452186.86183349765,Norte,2645.9218236691822,2010,1
WindStream,Solar,error,49,8.0,100.23,48798.614470290246,Este,1542.598865177405,2005,1
VientoVerde,Eólica,Bajo,49,,293.04,142671.3158173586,Este,1542.598865177405,2015,0
SolarFlow,Hidráulica,Alto,38,,675.67,328960.98811873695,Este,2094.2603444232936,2010,1
AquaPower,Solar,Bajo,13,15.0,,86744.97795242554,Oeste,3348.0364336184953,2020,1
SolarFlow,Solar,Alto,28,,64.86,31578.151596757707,Oeste,2595.7707801013744,2010,0
WindStream,Eólica,Medio,12,14.0,,164482.92839112895,Este,3398.187477186303,2020,1
SolarFlow,Geotérmica,Medio,11,14.0,,374064.28697664064,Norte,3448.3385207541114,2020,1
HydroFlux,Solar,Bajo,40,18.0,419.54,204259.90935713428,Este,1993.9582572876775,2015,0
WindStream,Solar,Bajo,22,18.0,656.44,,Sur,2896.677041508223,2020,1
WindStream,Hidráulica,Medio,7,16.0,,284242.31367898686,Oeste,3648.9426950253437,2010,0
WindStream,Hidrógeno verde,Alto,32,1.0,32.0,15579.723266978826,Oeste,2395.166605830142,2020,1
Solaris,Eólica,Medio,10,11.0,988.65,481340.41899683175,Este,3498.4895643219193,2015,0
VientoVerde,Eólica,Medio,48,,51.01,24835.052620268434,Este,1592.7499087452134,2005,1
Solaris,Geotérmica,Bajo,48,12.0,968.12,471345.0527883607,Norte,1592.7499087452134,2010,1
Solaris,Geotérmica,Alto,25,8.0,554.37,269904.0996098454,Norte,2746.223910804799,2010,1
HydroFlux,Eólica,Alto,32,6.0,963.53,469110.33623225335,Sur,2395.166605830142,2015,0
AquaPower,Geotérmica,Bajo,44,3.0,123.61,60181.54978222665,Este,1793.3540830164452,2015,1
VientoVerde,Hidráulica,Alto,5,,,241242.27746212526,Este,3749.24478216096,2015,1
SolarFlow,Eólica,Medio,40,13.0,177.81,86569.70606567204,Este,1993.9582572876775,2015,1
EcoWind,Geotérmica,Medio,25,2.0,,29440.80831106905,Oeste,2746.223910804799,2010,1
WindStream,Eólica,Alto,47,5.0,621.35,302514.4078730404,Sur,1642.9009523130212,2005,1
SolarFlow,,Alto,39,17.0,215.71,105021.94081000009,Norte,2044.1093008554856,2020,1
WindStream,Solar,Medio,17,,591.82,288137.24449573155,Oeste,3147.432259347263,2020,1
HydroFlux,,error,14,,121.24,59027.67652776602,Oeste,3297.8853900506874,2005,1
WindStream,Solar,Medio,48,,338.67,164887.02746336622,Oeste,1592.7499087452134,2005,1
Solaris,Geotérmica,Alto,14,11.0,783.82,381615.5840976045,Oeste,3297.8853900506874,2005,1
VientoVerde,Solar,Bajo,17,8.0,442.68,215525.99674456834,Sur,3147.432259347263,2015,0
EcoWind,,Medio,41,12.0,631.47,307441.4953562225,Este,1943.8072137198697,2010,1
SunWave,Hidrógeno verde,Medio,42,8.0,650.98,316940.25788555865,Norte,1893.6561701520613,2010,1
WindStream,,Medio,28,,845.32,411557.86475132947,Norte,2595.7707801013744,2010,0
SolarFlow,Eólica,Medio,6,8.0,331.67,161478.96299871462,Oeste,3699.0937385931516,2015,1
Solaris,Geotérmica,,26,,690.42,336142.26681211,Oeste,2696.0728672369905,2010,1
SunWave,Hidráulica,Bajo,21,17.0,962.0,468365.43071355094,Sur,2946.8280850760307,2015,0
EcoWind,Solar,Bajo,40,16.0,732.94,356843.8241031082,Oeste,1993.9582572876775,2010,1
SunWave,Hidráulica,Bajo,18,,494.97,240984.23829551594,Norte,3097.281215779455,2005,0
Solaris,,Alto,14,11.0,634.41,308872.88243137614,Norte,3297.8853900506874,2020,0
VientoVerde,Hidrógeno verde,,39,7.0,742.29,361396.02449517854,Este,2044.1093008554856,2020,1
VientoVerde,Geotérmica,Bajo,29,16.0,616.15,299982.70284215634,Este,2545.6197365335665,2015,0
AquaPower,Solar,Alto,7,13.0,26.51,12906.826993987772,,3648.9426950253437,2010,0
VientoVerde,Geotérmica,Alto,42,15.0,202.83,98751.10219504111,Norte,1893.6561701520613,2020,1
AquaPower,Eólica,Alto,21,16.0,812.36,395510.7497863412,Sur,2946.8280850760307,2005,0
SunWave,,,16,9.0,279.92,136283.6292778973,,3197.583302915071,2005,1
HydroFlux,Solar,Bajo,28,3.0,734.25,357481.6190243501,Norte,2595.7707801013744,2005,1
SolarFlow,Eólica,Alto,33,19.0,378.4,184230.22763202462,Oeste,2345.0155622623342,2015,0
SolarFlow,Geotérmica,Medio,47,5.0,526.67,256417.9016568668,Este,1642.9009523130212,2015,0
SunWave,Hidrógeno verde,Alto,29,10.0,77.29,37629.9003532748,Norte,2545.6197365335665,2010,1
WindStream,Eólica,Alto,40,,189.41,92217.35574995186,Oeste,1993.9582572876775,2005,1
WindStream,Eólica,Alto,30,15.0,957.62,466232.95609138324,Norte,2495.4686929657582,2010,0
VientoVerde,,Medio,42,8.0,891.24,433914.76763944404,Este,1893.6561701520613,2010,1
SolarFlow,Hidráulica,Bajo,5,15.0,655.75,319262.6103850427,Este,3749.24478216096,2005,0
SolarFlow,,error,24,,,226417.19704089072,Sur,2796.3749543726067,2010,1
AquaPower,Hidráulica,Alto,32,7.0,679.0,330582.253071207,Sur,2395.166605830142,2020,0
HydroFlux,Geotérmica,Alto,20,,622.42,303035.35486978,,2996.9791286438385,2015,0
Solaris,Hidrógeno verde,Bajo,21,,572.87,278911.1271235675,Sur,2946.8280850760307,2010,0
WindStream,Hidráulica,Bajo,44,,68.59,33394.16309006493,Este,1793.3540830164452,2005,1
SolarFlow,Eólica,Bajo,32,10.0,636.47,309875.82711668796,Oeste,2395.166605830142,2015,1
AquaPower,Geotérmica,Alto,16,19.0,771.23,375485.93672475254,Oeste,3197.583302915071,2015,1
EcoWind,Geotérmica,Alto,31,14.0,994.14,484013.31526982284,Oeste,2445.31764939795,2010,0
AquaPower,Hidráulica,Bajo,46,11.0,20.97,10209.58740339206,Norte,1693.051995880829,2020,0
WindStream,Hidráulica,Medio,34,2.0,732.87,356809.74345846166,Sur,2294.864518694526,2010,0
WindStream,Hidrógeno verde,Alto,45,18.0,,280469.0994502654,Sur,1743.2030394486374,2020,1
AquaPower,Solar,Alto,38,7.0,,214080.00367885185,Este,2094.2603444232936,2015,1
Solaris,Hidráulica,Medio,41,,136.29,66355.015126767,Este,1943.8072137198697,2010,1
SunWave,Hidráulica,Medio,10,2.0,414.99,202044.66745511073,Norte,3498.4895643219193,2005,0
WindStream,Eólica,Medio,11,18.0,360.83,175675.98582574906,Norte,3448.3385207541114,2010,1
AquaPower,Geotérmica,Bajo,36,6.0,309.8,150831.19587843877,Oeste,2194.56243155891,2020,0
SolarFlow,Solar,Medio,36,10.0,733.57,357150.54990492685,Este,2194.56243155891,2020,1
AquaPower,Eólica,Medio,29,15.0,703.72,342617.58929494815,Sur,2545.6197365335665,2010,0
HydroFlux,Hidrógeno verde,,37,5.0,593.13,,Oeste,2144.411387991102,2020,1
SunWave,,Medio,11,,939.28,457303.827193996,Sur,3448.3385207541114,2015,0
EcoWind,Hidráulica,Alto,16,5.0,356.36,173499.69323189298,Oeste,3197.583302915071,2010,1
Solaris,Hidráulica,Bajo,20,,,122378.72626211868,Sur,2996.9791286438385,2020,1
VientoVerde,Hidrógeno verde,Medio,20,8.0,,,Norte,2996.9791286438385,2010,1
EcoWind,Hidráulica,Bajo,47,8.0,,100698.56760341347,Oeste,1642.9009523130212,2010,1
SunWave,Solar,Bajo,40,12.0,321.86,156702.8040846814,Sur,1993.9582572876775,2005,1
SunWave,Hidráulica,Alto,17,8.0,232.36,113128.26557235,Sur,3147.432259347263,2010,1
SunWave,Geotérmica,Alto,11,11.0,78.46,38199.53398522371,Este,3448.3385207541114,2005,1
EcoWind,Hidráulica,Bajo,40,14.0,829.22,403719.31648263073,Oeste,1993.9582572876775,2020,0
SolarFlow,Eólica,Medio,13,8.0,262.0,127558.98424838914,Sur,3348.0364336184953,2005,1
SunWave,Solar,,36,10.0,478.3,232868.17620612416,Este,2194.56243155891,2005,1
AquaPower,Eólica,Bajo,15,7.0,,25745.492698682512,Sur,3247.734346482879,2005,0
EcoWind,Eólica,,12,17.0,,341950.5823925806,Oeste,3398.187477186303,2015,1
VientoVerde,Geotérmica,Alto,37,4.0,,,Norte,2144.411387991102,2005,0
SunWave,Solar,Medio,27,13.0,747.29,363830.35625564394,,2645.9218236691822,2010,0
AquaPower,Solar,Bajo,29,4.0,418.28,203646.45775349697,Oeste,2545.6197365335665,2005,0
SolarFlow,Solar,Medio,12,5.0,203.8,99223.3625565714,Sur,3398.187477186303,2010,0
HydroFlux,,Alto,49,4.0,518.04,252216.24503830346,Sur,1542.598865177405,2005,1
SolarFlow,Solar,Medio,26,18.0,139.2,67771.79621135788,Oeste,2696.0728672369905,2015,1
VientoVerde,Geotérmica,Bajo,8,,446.13,217205.6856592895,Este,3598.7916514575354,2020,1
SunWave,,Alto,44,2.0,,157807.9907039327,Este,1793.3540830164452,2005,1
VientoVerde,Eólica,Bajo,7,11.0,,444431.08084465476,Este,3648.9426950253437,2005,0
EcoWind,Solar,Alto,33,14.0,70.32,,Sur,2345.0155622623342,2015,1
WindStream,,Bajo,45,5.0,697.08,339384.79671705,Sur,1743.2030394486374,2005,1
SunWave,Hidráulica,Alto,33,,190.92,92952.52394161241,Oeste,2345.0155622623342,2010,1
WindStream,Eólica,Medio,38,10.0,325.85,158645.40082953285,Norte,2094.2603444232936,2005,1
AquaPower,Geotérmica,Medio,38,8.0,421.36,205146.0061179437,Sur,2094.2603444232936,2005,1
HydroFlux,Hidrógeno verde,Bajo,32,14.0,908.93,442527.43340797076,Oeste,2395.166605830142,2020,1
Solaris,Hidrógeno verde,Medio,17,3.0,250.15,121789.61797608605,Oeste,3147.432259347263,2020,1
VientoVerde,Hidráulica,Alto,19,12.0,100.4,,Norte,3047.130172211647,2005,0
SolarFlow,Eólica,Alto,27,16.0,325.5,158474.99760630025,Este,2645.9218236691822,2015,0
HydroFlux,Hidrógeno verde,Medio,48,17.0,113.63,55322.62358833762,Oeste,1592.7499087452134,2020,1
SunWave,Hidráulica,Medio,30,1.0,137.31,66851.61880590196,Oeste,2495.4686929657582,2005,1
WindStream,Geotérmica,,8,10.0,578.11,281462.3068085353,Oeste,3598.7916514575354,2020,1
SolarFlow,Hidrógeno verde,Alto,30,10.0,70.29,34221.83588862318,Este,2495.4686929657582,2005,1
WindStream,Hidráulica,Medio,44,2.0,,19776.511222021247,Este,1793.3540830164452,2020,0
EcoWind,Hidráulica,Medio,13,,717.27,,Norte,3348.0364336184953,2020,0
WindStream,Solar,Medio,9,13.0,368.03,179181.42356081927,Sur,3548.6406078897276,2010,1
EcoWind,Geotérmica,Medio,36,16.0,,65298.51514272501,Este,2194.56243155891,2005,1
AquaPower,Solar,,24,,261.08,127111.06720446348,Sur,2796.3749543726067,2005,0
SolarFlow,Eólica,,15,19.0,645.67,314354.9975559443,Sur,3247.734346482879,2005,1
SolarFlow,Solar,Medio,19,12.0,,,Este,3047.130172211647,2005,1
Solaris,Solar,Alto,36,,499.58,243228.69217866505,Oeste,2194.56243155891,2020,1
SunWave,Hidrógeno verde,Bajo,32,17.0,130.48,63526.32162110616,Norte,2395.166605830142,2010,1
EcoWind,Hidráulica,Medio,26,15.0,592.21,288327.12237304787,Sur,2696.0728672369905,2010,0
Solaris,Geotérmica,Medio,45,,322.92,157218.88241790008,Oeste,1743.2030394486374,2015,1
WindStream,,Medio,@#$,15.0,,307066.6082651108,Este,2946.8280850760307,2005,1
WindStream,Geotérmica,Bajo,30,15.0,,394512.67376455036,Sur,2495.4686929657582,2015,1
Solaris,Solar,Medio,48,7.0,615.53,299680.84570385865,Sur,1592.7499087452134,2020,0
SolarFlow,Eólica,Medio,11,13.0,,147418.26275026624,Sur,3448.3385207541114,2015,1
WindStream,Solar,Medio,46,17.0,,128138.35520737992,Oeste,1693.051995880829,2005,0
VientoVerde,Hidrógeno verde,Medio,30,9.0,334.15,162686.39155190546,Oeste,2495.4686929657582,2010,0
AquaPower,Hidráulica,Medio,29,8.0,172.97,,Oeste,2545.6197365335665,2010,1
AquaPower,Eólica,Alto,14,,189.36,92193.01243234721,,3297.8853900506874,2005,0
VientoVerde,Solar,Bajo,49,13.0,,385977.9066123585,Sur,1542.598865177405,2020,1
Solaris,Geotérmica,Alto,23,16.0,390.89,190311.18836966727,Norte,2846.5259979404145,2005,0
VientoVerde,Eólica,Medio,15,9.0,441.64,215019.65573839154,Norte,3247.734346482879,2020,1
EcoWind,Eólica,Bajo,17,12.0,598.11,291199.6338503971,Oeste,3147.432259347263,2010,0
EcoWind,Solar,Bajo,12,,593.76,289081.76521879213,Oeste,3398.187477186303,2020,0
Solaris,Eólica,,44,6.0,,37342.64920553988,Este,1793.3540830164452,2005,0
VientoVerde,Geotérmica,Alto,8,,833.23,405671.650554524,Oeste,3598.7916514575354,2005,1
EcoWind,,,35,7.0,,90338.05163087255,Norte,2244.7134751267176,2005,1
SolarFlow,Geotérmica,Alto,32,3.0,725.84,,Norte,2395.166605830142,2020,0
VientoVerde,Solar,Medio,15,16.0,774.94,377292.21089101786,Norte,3247.734346482879,2020,1
SolarFlow,Hidráulica,Medio,47,18.0,717.75,349448.3242148142,Sur,1642.9009523130212,2020,1
EcoWind,Eólica,,5,16.0,583.19,283935.5878771682,Sur,3749.24478216096,2010,1
AquaPower,Hidráulica,Medio,42,7.0,24.46,11908.75097219694,Oeste,1893.6561701520613,2015,0
EcoWind,,,28,4.0,366.77,178567.971957182,,2595.7707801013744,2015,1
SolarFlow,Eólica,Bajo,35,8.0,608.79,296399.3664907512,,2244.7134751267176,2005,0
HydroFlux,Hidrógeno verde,Bajo,45,13.0,393.58,191620.85885679768,Este,1743.2030394486374,2010,0
SunWave,Hidráulica,Medio,30,13.0,864.85,421066.3646077074,Sur,2495.4686929657582,2020,1
WindStream,Eólica,Alto,9,17.0,315.71,153708.5760193089,Norte,3548.6406078897276,2005,1
VientoVerde,Hidráulica,Alto,24,17.0,300.6,146352.02543918235,Norte,2796.3749543726067,2010,0
HydroFlux,Eólica,Alto,45,5.0,,133080.04868112475,Sur,1743.2030394486374,2005,0
EcoWind,Solar,Medio,15,6.0,,165266.78321799883,Este,3247.734346482879,2010,1
AquaPower,Hidráulica,Medio,37,,561.83,273536.1225964598,Este,2144.411387991102,2010,1
Solaris,Hidrógeno verde,Medio,42,13.0,709.95,345650.7666684881,,1893.6561701520613,2015,0
EcoWind,Hidrógeno verde,Alto,31,14.0,665.94,324223.77851287124,Oeste,2445.31764939795,2005,1
AquaPower,Geotérmica,Bajo,38,4.0,809.64,394186.47330864804,Este,2094.2603444232936,2020,0
SunWave,Eólica,Medio,19,7.0,887.05,431874.797624174,Sur,3047.130172211647,2015,0
EcoWind,Hidráulica,Alto,36,8.0,817.92,398217.7267039788,Este,2194.56243155891,2015,1
SolarFlow,Geotérmica,Medio,25,13.0,28.76,14002.27628619722,Oeste,2746.223910804799,2020,0
Solaris,Hidráulica,Medio,9,6.0,738.56,359580.0130018713,Este,3548.6406078897276,2010,0
AquaPower,Eólica,Medio,10,6.0,,105318.92928477687,Sur,3498.4895643219193,2020,1
AquaPower,Hidrógeno verde,Bajo,@#$,3.0,141.6,68940.2754563813,Norte,1893.6561701520613,2005,1
AquaPower,Solar,,26,3.0,642.1,312616.884678972,Sur,2696.0728672369905,2020,0
SunWave,Hidrógeno verde,Medio,22,13.0,326.55,158986.207275998,Sur,2896.677041508223,2010,1
EcoWind,Geotérmica,Bajo,18,2.0,@#$,32400.955731795028,Oeste,3097.281215779455,2020,1
SunWave,Solar,Bajo,14,16.0,146.25,71204.20399361417,Sur,3297.8853900506874,2010,0
VientoVerde,Geotérmica,Alto,17,6.0,10.92,,Sur,3147.432259347263,2010,1
WindStream,,Bajo,35,8.0,904.19,440219.68689904956,Oeste,2244.7134751267176,2005,0
WindStream,Solar,Medio,34,8.0,34.37,16733.596521439445,Oeste,2294.864518694526,2020,1
VientoVerde,Geotérmica,Bajo,7,6.0,217.36,105825.27029095369,,3648.9426950253437,2020,1
EcoWind,Eólica,Alto,34,14.0,422.1,205506.2872184926,Este,2294.864518694526,2005,1
SolarFlow,Hidrógeno verde,,10,,363.01,,Sur,3498.4895643219193,2010,0
SunWave,Eólica,Medio,33,,,444319.1015836733,Oeste,2345.0155622623342,2020,1
Solaris,Hidráulica,,12,3.0,49.89,24289.762305924178,Norte,3398.187477186303,2005,1
AquaPower,Eólica,Alto,48,12.0,517.09,251753.72200381506,Este,1592.7499087452134,2010,0
AquaPower,Eólica,Bajo,49,17.0,683.67,332855.9189354817,Oeste,1542.598865177405,2005,0
EcoWind,Hidráulica,Alto,47,5.0,932.38,453944.4493645537,Este,1642.9009523130212,2020,0
SolarFlow,Geotérmica,Medio,48,9.0,624.17,303887.3709859429,Este,1592.7499087452134,2005,1
WindStream,Geotérmica,Medio,37,7.0,,392277.95720844314,Sur,2144.411387991102,2015,1
WindStream,Eólica,Bajo,21,4.0,92.89,45225.015445926976,Sur,2946.8280850760307,2010,0
AquaPower,Hidráulica,Bajo,15,13.0,392.08,190890.55932865807,Oeste,3247.734346482879,2015,1
EcoWind,Hidráulica,Alto,17,13.0,380.21,185111.4557293131,Este,3147.432259347263,2015,1
SunWave,Hidrógeno verde,Medio,15,10.0,887.43,432059.80683796934,Oeste,3247.734346482879,2010,1
WindStream,Geotérmica,Medio,35,18.0,159.86,77830.4550456011,Oeste,2244.7134751267176,2010,0
SunWave,Solar,Alto,32,17.0,160.37,78078.75688516858,Este,2395.166605830142,2005,1
SolarFlow,,,48,13.0,335.27,163231.6818662497,Oeste,1592.7499087452134,2010,0
WindStream,Geotérmica,error,10,17.0,63.92,31120.497225790208,,3498.4895643219193,2015,0
WindStream,Hidrógeno verde,,45,4.0,190.63,92811.33269950542,Este,1743.2030394486374,2015,1
HydroFlux,Solar,Bajo,20,,965.56,,Este,2996.9791286438385,2020,0
WindStream,Hidrógeno verde,Alto,8,,433.9,211251.310173191,Este,3598.7916514575354,2010,0
VientoVerde,Solar,Medio,39,15.0,,309500.9400255763,Norte,2044.1093008554856,2015,0
Solaris,Eólica,Alto,30,13.0,728.85,354852.54072304745,Este,2495.4686929657582,2020,0
VientoVerde,Solar,Bajo,16,17.0,373.29,181742.34057282895,Sur,3197.583302915071,2020,0
EcoWind,Hidrógeno verde,Bajo,15,,155.75,75829.43433849851,Sur,3247.734346482879,2005,1
EcoWind,Geotérmica,Bajo,41,18.0,214.52,104442.5698510093,Sur,1943.8072137198697,2015,0
SunWave,Solar,Bajo,29,13.0,320.13,155860.52529556036,Este,2545.6197365335665,2005,0
VientoVerde,Solar,Bajo,22,14.0,639.71,311453.2740974696,Sur,2896.677041508223,2015,0
VientoVerde,Hidráulica,Alto,23,,404.3,,Norte,2846.5259979404145,2005,1
VientoVerde,Geotérmica,Bajo,27,8.0,16.75,8155.011397559229,Oeste,2645.9218236691822,2005,1
SolarFlow,Eólica,Bajo,42,,528.17,257148.20118500644,Este,1893.6561701520613,2010,0
WindStream,Hidrógeno verde,Alto,22,13.0,,449036.8365354553,,2896.677041508223,2005,1
Solaris,Eólica,Medio,30,7.0,813.96,,Norte,2495.4686929657582,2010,0
SunWave,Geotérmica,Alto,10,5.0,826.96,402618.99852690037,Oeste,3498.4895643219193,2020,0
VientoVerde,Solar,,8,17.0,797.11,388086.03791692166,Norte,3598.7916514575354,2015,0
VientoVerde,Solar,,48,16.0,330.49,160904.46070324475,Sur,1592.7499087452134,2020,0
HydroFlux,Geotérmica,Bajo,33,2.0,767.54,373689.399885529,Norte,2345.0155622623342,2015,0
SunWave,Solar,Bajo,38,,151.73,73872.23160308429,Oeste,2094.2603444232936,2020,1
VientoVerde,Solar,Alto,21,17.0,661.14,321886.8200228244,Sur,2946.8280850760307,2015,0
SunWave,Solar,Bajo,47,7.0,645.15,314101.8270528559,Oeste,1642.9009523130212,2005,1
WindStream,Hidrógeno verde,Medio,47,13.0,35.31,17191.25089240695,Norte,1642.9009523130212,2015,0
HydroFlux,Hidrógeno verde,Medio,20,18.0,790.09,384668.23612522817,,2996.9791286438385,2015,0
SunWave,Hidráulica,Medio,6,14.0,904.22,440234.2928896123,Este,3699.0937385931516,2020,1
Solaris,Eólica,Alto,38,18.0,274.74,133761.6615740551,Este,2094.2603444232936,2020,1
Solaris,Geotérmica,Bajo,12,13.0,,396440.66451883904,Este,3398.187477186303,2020,0
EcoWind,error,Medio,17,,91.58,44587.22052468503,Oeste,3147.432259347263,2010,1
HydroFlux,Geotérmica,Alto,46,16.0,603.97,294052.67067366256,Este,1693.051995880829,2010,0
HydroFlux,Hidráulica,Medio,12,17.0,,238949.13694376682,Oeste,3398.187477186303,2015,0
EcoWind,Hidrógeno verde,Alto,34,8.0,550.46,268000.45217316144,Sur,2294.864518694526,2015,0
SunWave,,Bajo,36,19.0,,451295.8964091673,Este,2194.56243155891,2005,0
HydroFlux,Geotérmica,Medio,40,,872.6,424839.5788364289,Oeste,1993.9582572876775,2005,0
Solaris,Eólica,Bajo,34,9.0,787.23,383275.7983582419,Este,2294.864518694526,2015,0
Solaris,Solar,Alto,5,10.0,,136789.97028407408,,3749.24478216096,2010,1
VientoVerde,Hidrógeno verde,Alto,47,12.0,912.7,444362.91955536173,Este,1642.9009523130212,2015,0
WindStream,Hidrógeno verde,Bajo,43,1.0,,51865.8724884767,Oeste,1843.5051265842535,2005,1
HydroFlux,Hidráulica,Medio,21,9.0,,416173.3577691719,Norte,2946.8280850760307,2010,0
SunWave,Hidrógeno verde,Bajo,24,15.0,334.88,163041.80398893342,Este,2796.3749543726067,2010,1
EcoWind,Geotérmica,Medio,28,1.0,63.23,30784.559442845974,Este,2595.7707801013744,2005,1
EcoWind,Geotérmica,Medio,26,,,327495.52039893676,Sur,2696.0728672369905,2015,0
SunWave,Hidráulica,Alto,33,,,116346.45215968532,Norte,2345.0155622623342,2020,0
SolarFlow,Geotérmica,Medio,26,11.0,251.14,122271.6156646582,Oeste,2696.0728672369905,2015,1
AquaPower,Eólica,Medio,48,2.0,312.99,152384.2995416157,Sur,1592.7499087452134,2015,1
WindStream,error,Bajo,13,16.0,73.05,35565.587020400104,Este,3348.0364336184953,2005,0
EcoWind,Eólica,,41,9.0,185.36,90245.54702397485,Sur,1943.8072137198697,2010,0
HydroFlux,Solar,Bajo,14,15.0,15.09,,Sur,3297.8853900506874,2005,1
WindStream,Eólica,Bajo,40,12.0,450.96,219557.2501398991,Este,1993.9582572876775,2015,0
HydroFlux,Solar,Alto,41,1.0,93.41,45478.18594901538,Norte,1943.8072137198697,2020,1
SolarFlow,Solar,Medio,32,13.0,685.83,333907.5502560028,Norte,2395.166605830142,2020,0
Solaris,Eólica,Medio,32,14.0,,118439.9774736856,Sur,2395.166605830142,2020,0
WindStream,Hidráulica,Bajo,46,8.0,944.14,459669.9976651684,,1693.051995880829,2005,1
VientoVerde,Geotérmica,Alto,47,8.0,872.54,424810.3668553033,Oeste,1642.9009523130212,2010,1
EcoWind,Geotérmica,Alto,25,12.0,296.55,144380.21671320536,Sur,2746.223910804799,2005,0
WindStream,Solar,Bajo,28,1.0,785.38,382375.0956068697,Oeste,2595.7707801013744,2020,1
WindStream,Solar,,46,11.0,805.21,392029.65536887565,Sur,1693.051995880829,2015,1
WindStream,Hidráulica,Medio,44,8.0,986.7,480391.02961025026,Sur,1793.3540830164452,2010,1
AquaPower,error,Bajo,6,10.0,,@#$,Este,3699.0937385931516,2005,0
WindStream,Eólica,Medio,12,19.0,91.15,44377.86799328501,Este,3398.187477186303,2005,1
HydroFlux,Solar,Medio,31,11.0,,316643.26941078185,Oeste,2445.31764939795,2010,1
Solaris,Geotérmica,,26,7.0,628.73,306107.4815514874,Oeste,2696.0728672369905,2010,1
SolarFlow,Hidráulica,Alto,41,11.0,641.97,312553.59205319994,Norte,1943.8072137198697,2015,1
SunWave,Eólica,Alto,31,17.0,314.07,152910.11520187624,Este,2445.31764939795,2010,0
WindStream,,Medio,33,1.0,861.08,419230.8784603165,Sur,2345.0155622623342,2015,1
EcoWind,Eólica,Medio,7,8.0,959.88,467333.2740471136,Sur,3648.9426950253437,2020,1
WindStream,Eólica,Medio,48,6.0,225.54,109807.83705107514,Norte,1592.7499087452134,2020,0
EcoWind,Solar,Medio,17,,97.27,47357.490068094696,Este,3147.432259347263,2005,1
HydroFlux,Hidráulica,Medio,49,6.0,202.59,98634.25427053876,Sur,1542.598865177405,2020,0
EcoWind,Hidráulica,,14,5.0,,400374.5446437512,Norte,3297.8853900506874,2020,1
VientoVerde,Geotérmica,Medio,40,,679.88,331010.69546104886,Norte,1993.9582572876775,2015,0
SunWave,Geotérmica,Alto,13,,639.69,311443.5367704277,Sur,3348.0364336184953,2005,1
Solaris,Solar,Medio,31,8.0,407.78,198534.36105651956,Sur,2445.31764939795,2010,1
EcoWind,Solar,Bajo,38,9.0,582.05,283380.56023578206,Oeste,2094.2603444232936,2005,1
EcoWind,Hidrógeno verde,Alto,5,17.0,314.8,153265.5276389042,Este,3749.24478216096,2020,1
Solaris,Geotérmica,Bajo,36,3.0,482.43,234878.9342402686,,2194.56243155891,2010,1
SunWave,Eólica,Bajo,29,19.0,795.13,387122.0425397773,Norte,2545.6197365335665,2005,0
WindStream,Hidráulica,Bajo,33,11.0,981.43,477825.24393471965,Sur,2345.0155622623342,2005,1
EcoWind,Solar,Medio,11,17.0,933.16,454324.20511918626,Oeste,3448.3385207541114,2005,1
Solaris,Hidráulica,Alto,7,19.0,934.53,454991.21202155383,Norte,3648.9426950253437,2005,1
VientoVerde,Hidráulica,Medio,24,2.0,408.2,198738.84492439864,Este,2796.3749543726067,2015,0
VientoVerde,Hidrógeno verde,Bajo,24,,474.1,230823.33752733318,Sur,2796.3749543726067,2005,1
HydroFlux,Geotérmica,Alto,34,19.0,708.58,344983.7597661205,Oeste,2294.864518694526,2020,1
Solaris,Solar,Alto,39,7.0,922.97,449363.03699135775,Este,2044.1093008554856,2020,1
HydroFlux,Hidráulica,Alto,39,17.0,150.57,73307.4666346563,,2044.1093008554856,2015,0
VientoVerde,Solar,Bajo,43,6.0,,151512.80877136908,Norte,1843.5051265842535,2010,0
SunWave,Eólica,Medio,31,19.0,147.85,71983.1901569631,Este,2445.31764939795,2010,1
WindStream,Hidrógeno verde,Alto,30,6.0,615.89,,Oeste,2495.4686929657582,2020,0
Solaris,Eólica,Alto,18,2.0,313.24,152506.016129639,Este,3097.281215779455,2020,1
SolarFlow,Solar,Bajo,21,6.0,332.85,162053.46529418445,Norte,2946.8280850760307,2015,0
VientoVerde,,Bajo,22,5.0,80.21,39051.55010138661,,2896.677041508223,2010,1
VientoVerde,Geotérmica,Medio,49,19.0,356.3,173470.48125076736,Oeste,1542.598865177405,2010,0
SolarFlow,Hidráulica,Alto,33,4.0,863.87,420589.2355826562,Norte,2345.0155622623342,2005,1
AquaPower,Hidráulica,Medio,24,17.0,240.74,117208.20560289008,Sur,2796.3749543726067,2005,1
VientoVerde,Eólica,Medio,31,11.0,,339949.561685478,Oeste,2445.31764939795,2005,0
EcoWind,Hidrógeno verde,Bajo,22,,633.33,308347.06677111564,Oeste,2896.677041508223,2015,0
SunWave,Hidráulica,Medio,8,13.0,864.85,421066.3646077074,Norte,3598.7916514575354,2020,0
Solaris,Geotérmica,Alto,5,17.0,140.97,68633.54965456267,,3749.24478216096,2015,1
SolarFlow,Eólica,Medio,5,9.0,977.81,476062.78774014267,Sur,3749.24478216096,2010,1
EcoWind,Eólica,Alto,30,4.0,,,Oeste,2495.4686929657582,2020,1
SolarFlow,Geotérmica,Alto,49,14.0,995.52,484685.19083571126,Norte,1542.598865177405,2005,1
Solaris,,Bajo,24,19.0,912.4,444216.85964973376,Sur,2796.3749543726067,2015,1
HydroFlux,Geotérmica,Medio,27,3.0,,111638.45453494515,Sur,2645.9218236691822,2015,0
Solaris,Hidrógeno verde,Bajo,14,14.0,65.6,31938.43269730659,Norte,3297.8853900506874,2005,0
AquaPower,Geotérmica,,15,8.0,263.08,128084.79990864967,Oeste,3247.734346482879,2015,0
Solaris,Geotérmica,Medio,45,1.0,532.29,259154.09055562995,Este,1743.2030394486374,2005,1
Solaris,Solar,Medio,45,10.0,179.88,87577.51941450473,Este,1743.2030394486374,2010,1
AquaPower,Eólica,Alto,9,18.0,175.79,85586.236034444,Sur,3548.6406078897276,2020,0
SunWave,Geotérmica,Medio,5,,,227838.84678900256,Este,3749.24478216096,2010,1
VientoVerde,Geotérmica,Alto,21,8.0,42.94,20906.04115887721,Este,2946.8280850760307,2010,1
Solaris,Hidráulica,,26,1.0,130.67,,Norte,2696.0728672369905,2005,1
AquaPower,Eólica,Bajo,38,12.0,421.7,205311.54067765534,Sur,2094.2603444232936,2015,0
EcoWind,Hidráulica,Medio,49,8.0,,35297.8105267489,Oeste,1542.598865177405,2010,0
HydroFlux,Eólica,,45,,402.79,196104.89795957506,Sur,1743.2030394486374,2010,1
HydroFlux,Hidráulica,error,33,18.0,,233340.43656765443,Norte,2345.0155622623342,2010,1
Solaris,,Alto,8,4.0,456.75,222376.2063185181,Este,3598.7916514575354,2015,1
SunWave,Geotérmica,Alto,9,,870.48,423807.42216999154,Oeste,3548.6406078897276,2015,0
SunWave,Solar,Bajo,15,,534.76,260356.65044529992,Sur,3247.734346482879,2005,0
EcoWind,Hidráulica,Alto,25,,,230433.8444456587,Este,2746.223910804799,2010,1
Solaris,Hidrógeno verde,Bajo,39,15.0,416.6,202828.5222819806,Sur,2044.1093008554856,2020,1
HydroFlux,Solar,Bajo,16,16.0,819.45,398962.63222268125,Oeste,3197.583302915071,2015,1
SunWave,Hidráulica,Bajo,30,12.0,,436285.80677413737,Sur,2495.4686929657582,2005,1
Solaris,Hidráulica,Alto,23,,854.71,416129.53979748354,Sur,2846.5259979404145,2010,0
SolarFlow,Solar,Medio,49,13.0,676.81,329516.0157601231,Sur,1542.598865177405,2020,1
SunWave,,Bajo,11,2.0,145.99,71077.61874206997,Este,3448.3385207541114,2015,1
AquaPower,Hidráulica,Medio,11,,284.1,138318.7306296464,Oeste,3448.3385207541114,2020,0
SolarFlow,Geotérmica,Medio,30,,55.6,27069.76917637571,Oeste,2495.4686929657582,2015,1
VientoVerde,Solar,Bajo,44,9.0,931.52,453525.74430175364,Este,1793.3540830164452,2005,0
SunWave,Geotérmica,,9,8.0,664.19,323371.76239670836,Este,3548.6406078897276,2020,0
HydroFlux,Eólica,Alto,25,10.0,748.9,364614.21108251385,Este,2746.223910804799,2010,0
WindStream,Hidrógeno verde,Medio,18,19.0,318.46,155047.4584875649,Norte,3097.281215779455,2010,0
SolarFlow,Hidráulica,Alto,8,3.0,,412473.1734932645,Sur,3598.7916514575354,2015,0
VientoVerde,,Medio,27,5.0,,129998.18467237552,Sur,2645.9218236691822,2010,1
EcoWind,Geotérmica,,46,3.0,11.63,5662.255674842618,Oeste,1693.051995880829,2020,1
EcoWind,Hidráulica,Medio,24,16.0,382.65,186299.40962842022,Sur,2796.3749543726067,2005,1
HydroFlux,Geotérmica,Medio,19,17.0,,279972.49577113043,Norte,3047.130172211647,2015,0
SunWave,Eólica,Bajo,49,15.0,483.92,235604.3651048873,Este,1542.598865177405,2020,0
Solaris,Solar,Alto,33,,863.46,420389.62037829804,Oeste,2345.0155622623342,2015,1
SunWave,Hidráulica,Medio,12,12.0,114.35,55673.167361844644,Oeste,3398.187477186303,2005,0
HydroFlux,Eólica,Bajo,45,9.0,558.29,,Sur,1743.2030394486374,2015,0
EcoWind,Eólica,Bajo,23,12.0,517.85,252123.7404314058,Oeste,2846.5259979404145,2010,1
SunWave,Hidráulica,Medio,43,,288.58,140499.89188702343,Este,1843.5051265842535,2010,1
EcoWind,Geotérmica,Medio,32,2.0,824.01,401182.7427882257,Oeste,2395.166605830142,2015,1
SolarFlow,Eólica,Alto,31,,755.32,367739.8930629515,Este,2445.31764939795,2005,1
VientoVerde,Hidrógeno verde,Alto,8,12.0,735.53,358104.80795502925,,3598.7916514575354,2005,0
Solaris,Eólica,Bajo,19,,877.43,427191.1433170385,Norte,3047.130172211647,2010,1
SolarFlow,Geotérmica,Alto,39,16.0,725.56,353250.75042466115,Este,2044.1093008554856,2005,0
EcoWind,Geotérmica,Bajo,41,,239.52,116614.22865333653,Sur,1943.8072137198697,2015,1
EcoWind,,Alto,5,1.0,708.51,344949.679121474,Oeste,3749.24478216096,2020,0
WindStream,Eólica,Alto,@#$,2.0,,,Sur,3648.9426950253437,2015,1
WindStream,Geotérmica,Medio,28,3.0,249.75,121594.8714352488,Oeste,2595.7707801013744,2010,0
SolarFlow,Hidráulica,Alto,31,17.0,82.27,40054.49478669837,Norte,2445.31764939795,2010,1
AquaPower,Solar,Medio,44,1.0,746.59,363489.5498091788,Norte,1793.3540830164452,2010,1
SolarFlow,Solar,Medio,40,,,347569.0200957348,Norte,1993.9582572876775,2005,1
WindStream,Solar,Alto,38,15.0,242.15,117894.68715934134,,2094.2603444232936,2015,1
EcoWind,Eólica,Medio,33,14.0,,366069.9414752722,Norte,2345.0155622623342,2020,1
HydroFlux,Hidrógeno verde,Medio,28,15.0,918.66,447264.6430138365,Norte,2595.7707801013744,2015,1
SolarFlow,Geotérmica,Medio,28,14.0,116.95,56939.01987728668,Norte,2595.7707801013744,2020,1
EcoWind,Hidráulica,Alto,46,,,116998.85307149006,Norte,1693.051995880829,2015,1
HydroFlux,Hidráulica,Medio,8,6.0,752.76,366493.51520159317,Sur,3598.7916514575354,2010,1
HydroFlux,Eólica,Bajo,7,17.0,281.76,137179.46336574855,Norte,3648.9426950253437,2020,1
WindStream,Solar,Alto,38,11.0,628.42,305956.55298233853,Norte,2094.2603444232936,2015,1
SolarFlow,Eólica,Alto,27,16.0,,43988.374911610525,Sur,2645.9218236691822,2005,1
SunWave,Hidrógeno verde,Bajo,27,12.0,457.68,222828.99202596466,Sur,2645.9218236691822,2005,1
Solaris,Hidrógeno verde,Bajo,49,15.0,741.7,361108.7733474436,Oeste,1542.598865177405,2015,1
WindStream,Geotérmica,Bajo,9,4.0,689.65,335767.37972099835,Este,3548.6406078897276,2010,1
WindStream,Geotérmica,Medio,35,18.0,816.92,397730.86035188567,Norte,2244.7134751267176,2020,0
SunWave,Hidrógeno verde,,45,3.0,878.68,427799.72625715483,Norte,1743.2030394486374,2015,1
Solaris,Hidrógeno verde,Alto,10,8.0,,377540.51273058535,Norte,3498.4895643219193,2005,1
error,Hidrógeno verde,Medio,41,3.0,,328571.4950370625,Oeste,1943.8072137198697,2020,1
AquaPower,Eólica,Medio,14,8.0,41.41,20161.135640174787,Norte,3297.8853900506874,2005,1
SolarFlow,Hidrógeno verde,Medio,44,18.0,539.62,262722.82091647235,Este,1793.3540830164452,2005,0
AquaPower,Hidráulica,Alto,11,10.0,,23038.51578104494,Sur,3448.3385207541114,2015,1
EcoWind,Solar,Medio,43,17.0,809.99,394356.87653188064,Oeste,1843.5051265842535,2005,1
VientoVerde,Hidrógeno verde,Alto,42,8.0,327.52,159458.4676375283,Sur,1893.6561701520613,2020,1
WindStream,Solar,Medio,25,11.0,566.81,275960.71702988335,,2746.223910804799,2010,0
Solaris,Eólica,,24,,286.65,139560.23982748375,Norte,2796.3749543726067,2015,1
WindStream,Solar,Medio,7,,784.68,382034.2891604045,Norte,3648.9426950253437,2020,1
HydroFlux,Eólica,Medio,26,5.0,887.64,,Este,2696.0728672369905,2015,0
WindStream,Hidráulica,Medio,8,13.0,404.66,197015.33803798913,Este,3598.7916514575354,2005,0
WindStream,Eólica,Bajo,32,6.0,864.29,420793.7194505353,Oeste,2395.166605830142,2005,0
EcoWind,Eólica,Bajo,16,5.0,,133596.12701434342,Sur,3197.583302915071,2020,1
EcoWind,Geotérmica,Alto,42,9.0,539.31,262571.8923473234,Norte,1893.6561701520613,2020,0
EcoWind,Hidrógeno verde,Bajo,40,16.0,860.17,418787.83007991174,Norte,1993.9582572876775,2010,0
AquaPower,Hidrógeno verde,Alto,45,2.0,,161941.48603320305,Norte,1743.2030394486374,2020,1
HydroFlux,Hidráulica,Bajo,9,1.0,954.5,464713.9330728528,Norte,3548.6406078897276,2020,0
VientoVerde,Hidráulica,Medio,17,8.0,,63613.95756448292,Este,3147.432259347263,2015,0
VientoVerde,,,27,,28.09,13676.07583029485,Sur,2645.9218236691822,2005,1
EcoWind,Geotérmica,Medio,34,11.0,,440657.8666159333,Sur,2294.864518694526,2020,1
Solaris,Hidrógeno verde,Medio,41,12.0,77.96,37956.100809177166,Oeste,1943.8072137198697,2010,1
AquaPower,Geotérmica,Bajo,29,12.0,991.97,482956.8152857808,Este,2545.6197365335665,2020,1
SunWave,Hidráulica,Bajo,31,7.0,,463438.3432303689,Norte,2445.31764939795,2005,1
Solaris,Solar,Medio,18,13.0,145.65,70912.08418235832,Sur,3097.281215779455,2020,1
SolarFlow,Hidráulica,Medio,40,8.0,,263983.80476839346,Sur,1993.9582572876775,2015,0
SolarFlow,,Alto,43,9.0,193.07,93999.28659861255,Este,1843.5051265842535,2005,0
Solaris,Eólica,Alto,20,7.0,433.87,211236.70418262822,Oeste,2996.9791286438385,2020,1
EcoWind,Eólica,Alto,26,15.0,70.81,34475.006391711584,Oeste,2696.0728672369905,2015,0
SunWave,,Alto,25,2.0,231.69,112802.06511644763,Norte,2746.223910804799,2005,1
SunWave,Eólica,Medio,25,12.0,369.64,179965.27838768915,Oeste,2746.223910804799,2020,1
AquaPower,Geotérmica,Bajo,12,1.0,,216295.2455808754,Sur,3398.187477186303,2015,0
SunWave,Hidrógeno verde,,20,,,476018.9697684543,Oeste,2996.9791286438385,2010,0
SolarFlow,Solar,Medio,35,5.0,809.79,394259.50326146197,Norte,2244.7134751267176,2015,0
HydroFlux,Hidráulica,Medio,46,15.0,740.04,360300.5752029691,Sur,1693.051995880829,2010,1
EcoWind,Geotérmica,Bajo,14,1.0,541.67,,Oeste,3297.8853900506874,2020,1
SunWave,Solar,Medio,36,1.0,841.6,409746.7219215431,Oeste,2194.56243155891,2015,1
AquaPower,Geotérmica,Medio,38,10.0,345.93,168421.67717956204,Este,2094.2603444232936,2010,0
SolarFlow,Geotérmica,Alto,13,,711.81,346556.3380833812,Norte,3348.0364336184953,2005,1
HydroFlux,error,Medio,21,15.0,993.85,483872.1240277158,Oeste,2946.8280850760307,2015,1
WindStream,Hidrógeno verde,,15,,321.48,156517.79487088605,Este,3247.734346482879,2020,0
WindStream,Eólica,Alto,36,6.0,677.28,329744.84294560686,Sur,2194.56243155891,2005,1
HydroFlux,Hidrógeno verde,,14,3.0,845.87,411825.6412449806,,3297.8853900506874,2010,1
SolarFlow,Hidráulica,Medio,26,13.0,916.65,446286.0416461294,Este,2696.0728672369905,2015,0
AquaPower,Hidráulica,Bajo,21,,720.75,350908.9232710934,Oeste,2946.8280850760307,2015,1
HydroFlux,Hidráulica,,8,8.0,290.77,141566.1291981073,Oeste,3598.7916514575354,2020,0
EcoWind,Solar,Alto,29,,333.02,162136.23257404027,Oeste,2545.6197365335665,2005,1
EcoWind,Hidrógeno verde,Bajo,25,17.0,30.55,14873.767056443849,Este,2746.223910804799,2015,0
WindStream,Hidrógeno verde,Alto,41,17.0,763.28,,Sur,1943.8072137198697,2015,1
SunWave,Geotérmica,Bajo,42,13.0,52.31,25467.97887798945,Norte,1893.6561701520613,2005,1
AquaPower,Geotérmica,,5,,866.01,421631.1295761354,Este,3749.24478216096,2015,1
WindStream,Geotérmica,,29,,,62060.85390130597,Oeste,2545.6197365335665,2005,1
SunWave,Hidráulica,Alto,40,17.0,180.16,87713.84199309078,,1993.9582572876775,2005,1
SunWave,Hidrógeno verde,Bajo,21,,481.76,,Sur,2946.8280850760307,2005,1
VientoVerde,Hidráulica,Alto,45,14.0,740.5,,Norte,1743.2030394486374,2020,1
EcoWind,Solar,Alto,28,,147.61,71866.34223246077,Oeste,2595.7707801013744,2005,1
SolarFlow,,Medio,6,6.0,445.67,216981.72713732667,Este,3699.0937385931516,2005,1
Solaris,Hidráulica,Alto,44,3.0,488.02,237600.51714846896,Este,1793.3540830164452,2010,1
SolarFlow,Hidráulica,,19,,220.16,107188.49607681432,Oeste,3047.130172211647,2010,1
Solaris,Solar,Alto,36,14.0,124.4,60566.17420038019,Este,2194.56243155891,2020,1
HydroFlux,Eólica,Bajo,43,15.0,838.06,408023.2150351336,Oeste,1843.5051265842535,2005,1
EcoWind,Hidrógeno verde,Alto,10,,507.44,247055.46170611674,Este,3498.4895643219193,2010,0
SunWave,Eólica,Medio,5,15.0,,11801.64037473646,Este,3749.24478216096,2010,0
AquaPower,Geotérmica,Bajo,27,13.0,804.95,391903.07011733146,Este,2645.9218236691822,2015,0
Solaris,Hidráulica,Bajo,43,17.0,980.99,477611.0227397987,Sur,1843.5051265842535,2005,1
SolarFlow,Solar,Bajo,21,,609.87,296925.1821510118,Sur,2946.8280850760307,2010,0
SunWave,Solar,Medio,38,,508.67,247654.30731919126,Oeste,2094.2603444232936,2020,1
Solaris,Hidrógeno verde,Medio,45,5.0,879.63,428262.24929164327,Sur,1743.2030394486374,2015,1
Solaris,Eólica,Medio,33,,952.99,463978.76488119224,Oeste,2345.0155622623342,2015,0
VientoVerde,Hidrógeno verde,Bajo,13,2.0,,368552.95987094694,Norte,3348.0364336184953,2005,1
Solaris,Hidráulica,Bajo,17,,,219576.72479398284,Norte,3147.432259347263,2005,0
AquaPower,Hidrógeno verde,Alto,10,5.0,,290318.40575310856,Sur,3498.4895643219193,2015,0
EcoWind,Solar,Bajo,10,6.0,,342719.83122888766,Norte,3498.4895643219193,2020,1
AquaPower,Solar,Alto,24,,202.33,98507.66901899457,Norte,2796.3749543726067,2005,1
WindStream,Geotérmica,Alto,7,18.0,452.73,220419.00358310388,Este,3648.9426950253437,2005,1
SunWave,Geotérmica,Medio,21,,,404839.1090924448,Este,2946.8280850760307,2015,0
EcoWind,Hidráulica,Medio,16,4.0,658.18,320445.69562062883,Oeste,3197.583302915071,2015,1
VientoVerde,Eólica,Alto,49,17.0,417.09,203067.0867945062,Norte,1542.598865177405,2005,0
EcoWind,,Bajo,5,14.0,,324608.4029310248,Oeste,3749.24478216096,2010,0
EcoWind,Hidráulica,Bajo,21,14.0,127.04,61851.50136990594,Oeste,2946.8280850760307,2005,0
SolarFlow,Geotérmica,Bajo,7,13.0,407.48,198388.30115089164,Norte,3648.9426950253437,2010,0
EcoWind,Hidrógeno verde,Alto,30,7.0,795.2,387156.12318442384,Sur,2495.4686929657582,2015,0
VientoVerde,,Bajo,19,12.0,228.3,111151.58818285207,Norte,3047.130172211647,2010,0
AquaPower,Hidrógeno verde,Medio,40,15.0,,94500.75894126845,Este,1993.9582572876775,2020,1
EcoWind,,Alto,36,19.0,951.31,@#$,Norte,2194.56243155891,2015,0
HydroFlux,Hidráulica,Alto,36,11.0,217.8,106039.49148587465,Sur,2194.56243155891,2005,0
SunWave,Hidrógeno verde,Medio,8,15.0,268.31,130631.11093009653,,3598.7916514575354,2005,0
EcoWind,Solar,Bajo,22,12.0,969.92,472221.4122221282,Oeste,2896.677041508223,2015,1
SunWave,Solar,Alto,23,3.0,737.36,,Este,2846.5259979404145,2015,0
HydroFlux,,Medio,47,17.0,702.6,342072.29898060387,Este,1642.9009523130212,2020,1
HydroFlux,Hidrógeno verde,Bajo,39,3.0,854.4,415978.61122833466,Este,2044.1093008554856,2015,1
SunWave,Hidrógeno verde,Bajo,44,19.0,124.66,60692.75945192439,,1793.3540830164452,2005,0
Solaris,Solar,Alto,18,4.0,708.9,345139.5569987903,Este,3097.281215779455,2020,1
WindStream,Solar,Medio,37,,508.65,247644.56999214937,Norte,2144.411387991102,2005,0
SolarFlow,Hidrógeno verde,Alto,18,16.0,830.86,404517.77730006335,Oeste,3097.281215779455,2010,1
Solaris,Geotérmica,Alto,38,12.0,513.06,249791.65060487986,Sur,2094.2603444232936,2015,1
Solaris,Geotérmica,Medio,8,8.0,624.04,303824.0783601708,Oeste,3598.7916514575354,2010,0
AquaPower,Eólica,Medio,28,,482.96,235136.97340687792,Norte,2595.7707801013744,2005,0
SolarFlow,Hidráulica,Medio,33,7.0,483.38,235341.45727475703,Norte,2345.0155622623342,2010,1
SolarFlow,Geotérmica,Medio,23,11.0,770.29,375028.282353785,Este,2846.5259979404145,2010,1
Solaris,Solar,Medio,10,18.0,632.28,307835.85710141785,Oeste,3498.4895643219193,2005,0
EcoWind,Geotérmica,,37,1.0,636.93,310099.7856386507,,2144.411387991102,2005,1
AquaPower,Eólica,Medio,44,3.0,455.78,221903.9459569878,Oeste,1793.3540830164452,2015,1
AquaPower,Eólica,Alto,23,,,260862.9914514767,Sur,2846.5259979404145,2010,1
HydroFlux,Hidráulica,Medio,5,13.0,748.26,364302.61661717424,Este,3749.24478216096,2020,0
VientoVerde,Geotérmica,Medio,9,6.0,827.68,402969.5423004073,Norte,3548.6406078897276,2020,1
SolarFlow,Solar,Medio,31,14.0,699.6,340611.6999243246,Norte,2445.31764939795,2005,1
Solaris,Solar,Medio,20,5.0,924.83,450268.6084062509,Este,2996.9791286438385,2005,0
HydroFlux,Hidrógeno verde,Alto,10,16.0,,400262.5653827698,Norte,3498.4895643219193,2010,1
SunWave,Solar,Bajo,44,15.0,566.25,275688.07187271124,,1793.3540830164452,2005,1
WindStream,Hidráulica,Medio,17,15.0,674.69,328483.8590936858,Este,3147.432259347263,2020,1
VientoVerde,Hidráulica,Bajo,39,4.0,927.05,451349.45170789753,Norte,2044.1093008554856,2015,0
VientoVerde,Solar,Medio,23,8.0,622.98,303308.0000269522,Oeste,2846.5259979404145,2015,1
VientoVerde,Solar,,16,16.0,826.56,402424.2519860631,Sur,3197.583302915071,2010,0
AquaPower,Hidrógeno verde,,20,16.0,691.92,336872.5663402497,Este,2996.9791286438385,2015,1
SunWave,Solar,Alto,47,4.0,556.42,270902.1756316362,Sur,1642.9009523130212,2005,0
VientoVerde,Hidrógeno verde,Medio,14,,249.42,121434.20553905808,Norte,3297.8853900506874,2005,1
SunWave,Hidrógeno verde,Alto,29,13.0,431.74,210199.67885266995,Norte,2545.6197365335665,2005,1
EcoWind,Solar,Medio,24,2.0,968.07,471320.70947075606,Oeste,2796.3749543726067,2005,0
VientoVerde,Eólica,,35,3.0,661.19,321911.1633404291,Este,2244.7134751267176,2010,1
WindStream,Eólica,,8,8.0,568.75,276905.237752944,Norte,3598.7916514575354,2015,1
SunWave,Hidrógeno verde,Bajo,48,15.0,933.63,,Este,1592.7499087452134,2020,0
SunWave,,Medio,27,,590.65,287567.6108637826,Este,2645.9218236691822,2015,1
WindStream,Eólica,Medio,6,9.0,530.82,,Este,3699.0937385931516,2005,1
VientoVerde,Solar,Bajo,26,7.0,761.72,370855.83771634725,Este,2696.0728672369905,2020,0
WindStream,,Bajo,41,13.0,715.54,348372.34957668843,,1943.8072137198697,2010,0
SunWave,Solar,Bajo,12,,201.23,97972.11603169216,,3398.187477186303,2005,0
WindStream,Geotérmica,Alto,11,8.0,476.6,232040.5034075659,Oeste,3448.3385207541114,2005,0
SunWave,Solar,Medio,18,7.0,477.79,232619.87436655667,Este,3097.281215779455,2020,1
SunWave,Geotérmica,,7,,384.44,187170.90039866688,,3648.9426950253437,2010,0
EcoWind,Hidrógeno verde,Bajo,20,,522.12,254202.65975484328,Norte,2996.9791286438385,2020,1
Solaris,Eólica,Medio,23,7.0,,203987.26419996214,Este,2846.5259979404145,2010,1
SunWave,Eólica,Bajo,22,,207.35,100951.73810650186,Norte,2896.677041508223,2005,0
VientoVerde,Eólica,Bajo,20,16.0,418.24,,Este,2996.9791286438385,2015,1
HydroFlux,Eólica,Medio,12,3.0,@#$,39703.95101319135,Sur,3398.187477186303,2005,1
