Cultivo,Región,Nivel de Productividad,Tamaño de la Parcela (ha),Cantidad de Fertilizante (kg),Rendimiento por Hectárea (toneladas),Costo de Producción por Hectárea ($),Costos Totales de Producción ($),Año de Cosecha,"Rentabilidad (Rentable=1, No Rentable=0)"
Girasol,Sur,Bajo,92,762.0,9.65,-20666.548797924224,50013.087888226946,2019,0
Arroz,Este,Medio,7,582.0,11.37,12286.240852331852,58927.33775016999,2021,1
Cebada,Norte,Alto,35,901.0,9.21,1431.2042616592626,47732.69838866013,2019,0
Girasol,Norte,Alto,55,772.0,8.93,-6322.393303106874,46281.541434390325,2016,1
Soya,Norte,Alto,92,701.0,,-20666.548797924224,52293.47738779377,2016,0
Papa,Norte,Medio,14,342.0,5.91,9572.481704663704,30629.77714190894,2016,1
Cebada,Oeste,Medio,10,859.0,9.86,11123.201217616932,51101.455603929295,2020,0
Cebada,Norte,Alto,80,962.0,,-16014.390259064545,5649.146714835998,2017,0
Girasol,Oeste,Bajo,16,150.0,11.17,8797.12194818709,57890.7970685487,2018,1
Trigo,Oeste,Medio,54,551.0,5.88,-5934.713424868569,30474.296039665744,2017,1
Soya,Norte,Bajo,95,353.0,7.09,-21829.588432639146,36745.36716347451,2019,1
Girasol,Norte,Alto,89,920.0,3.8,-19503.509163209303,19694.272950804392,2015,0
Soya,Sur,Alto,77,589.0,9.17,-14851.350624349623,,2018,1
Soya,Este,Bajo,70,602.0,1.84,-12137.591476681475,9536.174270915812,2015,1
Papa,Norte,Alto,44,404.0,10.6,-2057.914642485499,54936.65612592804,2021,0
Cebada,Sur,Alto,73,352.0,10.11,-13300.631111396397,52397.131455955896,2020,0
Arroz,Sur,Bajo,45,545.0,3.38,-2445.5945207238074,17517.537519399695,2019,1
Papa,Este,Medio,56,707.0,9.9,-6710.073181345182,51308.763740253555,2020,1
Papa,Oeste,Alto,84,817.0,9.65,-17565.10977201777,50013.087888226946,2019,1
Soya,Norte,Bajo,82,276.0,7.95,-16789.750015541158,,2015,1
Avena,Este,Medio,57,285.0,5.11,-7097.753059583487,26483.614415423806,2015,1
Cebada,Norte,Bajo,21,922.0,,6858.722556995557,20678.986598344614,2015,0
Trigo,Sur,Alto,68,941.0,3.55,-11362.231720204862,18398.597098777787,2019,1
Papa,Sur,Alto,50,504.0,4.5,-4383.993911915339,23322.165336478887,2016,1
Arroz,Oeste,Alto,33,62.0,10.94,2206.564018135876,56698.77528468423,2015,0
Avena,Sur,Medio,91,259.0,,-20278.86891968592,9588.001304996877,2020,1
Avena,Sur,Alto,7,790.0,10.12,12286.240852331852,52448.95849003696,2021,0
Trigo,Este,Alto,70,446.0,4.84,-12137.591476681475,,2018,1
Papa,Norte,Medio,15,149.0,6.74,9184.801826425399,34931.42097063727,2019,0
Arroz,Norte,Alto,82,80.0,9.74,-16789.750015541158,,2020,0
Cebada,Este,Bajo,32,947.0,10.73,2594.2438963741824,55610.407568981886,2017,0
Maíz,Oeste,Medio,75,577.0,4.79,-14075.99086787301,24825.14932482975,2021,1
Arroz,Norte,Bajo,20,698.0,6.08,7246.402435233864,31510.83672128703,2017,0
Trigo,Sur,Bajo,88,378.0,,-19115.829284970998,28815.83094907169,2018,1
Avena,Norte,Bajo,15,215.0,1.15,9184.801826425399,5960.108919322382,2016,1
Cebada,Sur,Medio,48,,,-3608.6341554387254,22078.316518533346,2015,1
Arroz,Oeste,Medio,71,871.0,6.05,-12525.271354919783,31355.355619043836,2019,0
Maíz,Este,Alto,21,149.0,5.52,6858.722556995557,28608.522812747433,2020,1
Maíz,Norte,Bajo,42,670.0,,-1282.5548860088857,46333.36846847139,2015,0
Soya,Este,Medio,26,904.0,,4920.323165804024,27105.538824396575,2020,1
Soya,Norte,Medio,14,222.0,6.38,9572.481704663704,33065.64774371895,2019,0
Girasol,Sur,Alto,57,798.0,,-7097.753059583487,29696.890528449785,2017,1
Trigo,Este,Medio,37,211.0,9.15,655.8445051826493,,2015,1
Papa,Norte,Medio,58,954.0,10.49,-7485.432937821795,54366.55875103634,2018,1
Arroz,Sur,Alto,21,777.0,6.85,6858.722556995557,,2016,1
Arroz,Este,Medio,82,825.0,9.68,-16789.750015541158,,2018,0
Papa,Este,Bajo,69,312.0,4.26,-11749.91159844317,22078.316518533346,2016,0
Girasol,Norte,Bajo,3,853.0,6.96,13836.96036528508,36071.615720420676,2021,1
Avena,Norte,Alto,87,323.0,4.8,-18728.149406732693,24876.97635891081,2020,1
Avena,Norte,Bajo,90,52.0,5.56,-19891.189041447615,28815.83094907169,2015,0
Girasol,Sur,Alto,37,77.0,9.06,655.8445051826493,46955.29287744416,2015,1
Avena,Norte,Medio,88,375.0,10.7,-19115.829284970998,55454.92646673868,2021,1
Soya,Este,Alto,49,989.0,2.34,-3996.314033677034,12127.525974969021,2016,1
Arroz,Este,Alto,19,198.0,7.98,7634.08231347217,41357.97319668923,2017,0
Girasol,Norte,Alto,89,589.0,7.4,-19503.509163209303,38352.005219987506,2019,0
Arroz,Norte,Medio,85,537.0,2.3,-17952.789650256076,11920.217838644763,2018,0
Papa,Oeste,Alto,12,871.0,3.33,10347.841461140319,17258.402348994376,2021,1
Maíz,Este,Medio,61,487.0,4.42,-8648.472572536713,,2020,1
Soya,Sur,Medio,41,114.0,2.84,-894.875007770579,14718.877679022231,2021,1
Cebada,Oeste,Medio,33,405.0,3.68,2206.564018135876,19072.348541831623,2018,1
Soya,Norte,Alto,50,582.0,3.94,-4383.993911915339,20419.85142793929,2018,1
Girasol,Norte,Alto,68,301.0,4.69,-11362.231720204862,24306.87898401911,2020,1
Cebada,Este,Alto,71,284.0,9.24,-12525.271354919783,47888.17949090332,2020,1
Maíz,Norte,Medio,86,276.0,7.29,-18340.46952849439,37781.9078450958,2015,0
Girasol,Sur,Medio,33,574.0,11.85,2206.564018135876,61415.03538606107,2018,1
Trigo,Este,Alto,81,362.0,5.56,-16402.07013730285,28815.83094907169,2019,1
Arroz,Norte,Bajo,24,98.0,9.29,5695.682922280637,48147.31466130863,2019,0
Maíz,Este,Bajo,61,167.0,10.59,-8648.472572536713,54884.82909184698,2016,0
Arroz,Norte,Medio,61,103.0,8.47,-8648.472572536713,43897.497866661375,2021,0
Avena,Norte,Bajo,98,699.0,5.53,-22992.628067354068,28660.3498468285,2020,1
Trigo,Norte,Bajo,28,614.0,,4144.963409327409,48147.31466130863,2015,1
Trigo,Sur,Bajo,58,93.0,3.24,-7485.432937821795,16791.9590422648,2019,1
Maíz,Sur,Bajo,43,864.0,4.6,-1670.234764247194,23840.435677289526,2017,1
Trigo,Este,Bajo,41,102.0,7.01,-894.875007770579,36330.750890826,2015,0
Cebada,Norte,Alto,39,635.0,,-119.51525129396578,37989.21598142006,2015,0
Trigo,Norte,Medio,86,607.0,1.24,-18340.46952849439,6426.55222605196,2019,0
Arroz,Sur,Medio,49,574.0,11.4,-3996.314033677034,59082.818852413184,2017,1
Arroz,Norte,Medio,17,726.0,,8409.442069948786,44882.21151420159,2016,0
Girasol,Sur,Bajo,98,,6.45,-22992.628067354068,33428.4369822864,2019,1
Arroz,Norte,Alto,70,841.0,11.26,-12137.591476681475,58357.24037527828,2017,1
Girasol,Este,Alto,70,819.0,5.83,-12137.591476681475,30215.160869260424,2015,1
Arroz,Norte,Bajo,98,898.0,11.78,-22992.628067354068,61052.24614749361,2017,0
Cebada,Norte,Medio,65,917.0,6.64,-10199.192085489944,34413.150629826625,2015,1
Papa,Oeste,Alto,74,,2.26,-13688.310989634701,11712.909702320507,2021,1
Girasol,Sur,Alto,85,187.0,9.41,-17952.789650256076,48769.23907028141,2019,0
Soya,Norte,Medio,5,724.0,8.47,13061.600608808465,43897.497866661375,2020,1
Avena,Norte,Medio,2,970.0,9.5,14224.640243523387,49235.682377010984,2019,1
Maíz,Oeste,Bajo,22,436.0,11.47,6471.0426787572505,59445.60809098063,2021,0
Arroz,Oeste,Alto,57,160.0,9.54,-7097.753059583487,49442.99051333524,2018,1
Trigo,Sur,Bajo,66,663.0,7.72,-10586.871963728248,40010.47031058156,2018,0
Papa,Oeste,Alto,74,66.0,10.43,-13688.310989634701,54055.596546549954,2018,1
Arroz,Este,Medio,98,829.0,8.41,-22992.628067354068,43586.53566217499,2019,0
Trigo,Oeste,Medio,16,231.0,5.49,8797.12194818709,28453.041710504243,2016,1
Avena,Este,Medio,51,933.0,10.74,-4771.673790153647,,2019,0
Avena,Sur,Bajo,39,585.0,3.44,-119.51525129396578,17828.49972388608,2021,1
Avena,Sur,Bajo,86,590.0,8.86,-18340.46952849439,45918.752195822875,2021,1
Trigo,Sur,Bajo,76,,,-14463.670746111318,55454.92646673868,2020,1
Arroz,Sur,Bajo,88,458.0,,-19115.829284970998,46851.63880928203,2017,1
Avena,Sur,Alto,40,789.0,8.67,-507.1951295322724,,2019,1
Cebada,Este,Medio,38,427.0,9.28,268.16462694434085,48095.487627227565,2019,0
Girasol,Este,Bajo,60,237.0,6.12,-8260.792694298409,31718.14485761129,2015,0
Trigo,Sur,Alto,59,907.0,10.62,-7873.1128160601,,2021,1
Trigo,Oeste,Alto,10,279.0,3.24,11123.201217616932,,2015,0
Arroz,Norte,Alto,99,882.0,2.4,-23380.307945592373,12438.488179455406,2015,0
Trigo,Sur,Alto,64,901.0,4.14,-9811.512207251635,21456.392109560573,2019,1
Trigo,Oeste,Bajo,63,168.0,6.85,-9423.832329013327,,2016,0
Avena,Norte,Medio,49,205.0,6.62,-3996.314033677034,34309.4965616645,2017,0
Arroz,Sur,Alto,64,833.0,10.03,-9811.512207251635,,2017,1
Avena,Sur,Medio,32,736.0,5.45,2594.2438963741824,28245.733574179987,2021,1
Girasol,Este,Bajo,7,514.0,6.33,12286.240852331852,32806.51257331364,2020,1
Papa,Norte,Alto,21,153.0,1.15,6858.722556995557,5960.108919322382,2021,1
Girasol,Norte,Bajo,20,653.0,5.51,7246.402435233864,28556.69577866637,2016,1
Papa,Oeste,Bajo,26,,8.13,4920.323165804024,,2016,1
Avena,Este,Medio,68,844.0,1.17,-11362.231720204862,6063.762987484511,2017,0
Girasol,Este,Medio,86,551.0,4.09,-18340.46952849439,21197.256939155253,2018,0
Arroz,Este,Medio,15,742.0,3.29,9184.801826425399,17051.09421267012,2015,1
Maíz,Este,Bajo,85,731.0,1.46,-17952.789650256076,7566.746975835372,2015,1
Avena,Norte,Alto,79,748.0,6.27,-15626.710380826236,,2017,1
Papa,Norte,Bajo,86,224.0,3.0,-18340.46952849439,15548.110224319258,2021,0
Cebada,Sur,Bajo,92,783.0,,-20666.548797924224,,2016,0
Papa,Sur,Alto,14,794.0,,9572.481704663704,53537.326205739315,2021,1
Cebada,Este,Alto,27,723.0,7.0,4532.643287565716,36278.923856744936,2020,0
Trigo,Este,Alto,40,470.0,11.8,-507.1951295322724,61155.900215655754,2018,1
Girasol,Este,Alto,58,183.0,5.96,-7485.432937821795,30888.91231231426,2017,0
Cebada,Sur,Medio,28,440.0,6.65,4144.963409327409,34464.97766390769,2015,0
Papa,Oeste,Medio,26,785.0,11.88,4920.323165804024,61570.51648830427,2019,1
Trigo,Oeste,Bajo,63,550.0,,-9423.832329013327,18398.597098777787,2021,1
Maíz,Sur,Medio,error,714.0,11.37,-10586.871963728248,58927.33775016999,2016,0
Arroz,Sur,Medio,25,82.0,1.47,5308.003044042331,7618.574009916436,2019,0
Arroz,Sur,Bajo,3,104.0,,13836.96036528508,30629.77714190894,2020,1
Arroz,Sur,Alto,72,568.0,1.77,-12912.951233158088,9173.385032348362,2017,0
Cebada,Sur,Medio,44,805.0,9.02,-2057.914642485499,,2021,1
Maíz,Sur,Bajo,97,874.0,7.69,-22604.948189115763,39854.98920833837,2015,1
Cebada,Este,Bajo,42,687.0,8.77,-1282.5548860088857,,2021,0
Girasol,Este,Medio,99,61.0,5.12,-23380.307945592373,26535.44144950487,2018,1
Cebada,Este,Bajo,6,577.0,5.06,12673.92073057016,26224.47924501848,2019,0
Maíz,Este,Alto,39,769.0,1.5,-119.51525129396578,7774.055112159629,2018,1
Maíz,Sur,Medio,52,604.0,4.85,-5159.353668391952,25136.11152931613,2020,0
Girasol,Oeste,Medio,23,422.0,11.22,6083.362800518944,58149.93223895403,2015,1
Maíz,Norte,Medio,89,533.0,,-19503.509163209303,,2019,0
Papa,Sur,Alto,50,696.0,10.15,-4383.993911915339,52604.439592280156,2020,0
Maíz,Norte,Medio,43,277.0,10.27,-1670.234764247194,53226.36400125292,2018,1
Arroz,Oeste,Medio,19,672.0,5.11,7634.08231347217,26483.614415423806,2018,1
Papa,Este,Medio,69,356.0,7.95,-11749.91159844317,41202.49209444603,2019,1
Papa,Oeste,Bajo,error,506.0,2.05,-4771.673790153647,10624.541986618158,2015,0
Girasol,Sur,Alto,11,209.0,2.14,10735.521339378625,11090.985293347738,2018,1
Soya,Este,Alto,12,380.0,1.54,10347.841461140319,7981.363248483886,2017,0
Soya,Sur,Medio,74,825.0,7.39,-13688.310989634701,38300.178185906436,2020,0
Maíz,Este,Alto,8,274.0,5.69,11898.560974093545,29489.58239212553,2019,1
Papa,Norte,Alto,24,778.0,7.03,5695.682922280637,36434.40495898813,2016,0
Soya,Norte,Alto,92,553.0,,-20666.548797924224,34879.59393655621,2016,1
Soya,Norte,Alto,41,505.0,4.85,-894.875007770579,,2015,1
Maíz,Oeste,Medio,error,94.0,,1043.524383420956,43793.84379849924,2017,1
Soya,Sur,Medio,85,263.0,9.34,-17952.789650256076,48406.44983171396,2018,1
Cebada,Oeste,Medio,72,108.0,1.16,-12912.951233158088,6011.935953403446,2016,1
Trigo,Norte,Alto,55,693.0,3.28,-6322.393303106874,16999.267178589056,2015,0
Girasol,Sur,Bajo,9,665.0,8.85,11510.881095855239,45866.92516174181,2020,1
Trigo,Norte,Alto,47,244.0,5.25,-3220.9542772004206,27209.1928925587,2017,0
Maíz,Oeste,Alto,15,974.0,8.29,9184.801826425399,,2017,0
Arroz,Oeste,Bajo,48,538.0,4.82,-3608.6341554387254,24980.63042707294,2021,1
Girasol,Oeste,Alto,82,,5.3,-16789.750015541158,27468.32806296402,2015,1
Maíz,Norte,Bajo,42,659.0,,-1282.5548860088857,14252.434372292653,2015,1
Papa,Sur,Medio,60,275.0,3.84,-8260.792694298409,19901.58108712865,2021,0
Arroz,Sur,Alto,84,461.0,7.66,-17565.10977201777,39699.50810609517,2018,1
Trigo,Norte,Bajo,70,254.0,5.76,-12137.591476681475,29852.371630692975,2015,0
Maíz,Sur,Alto,12,128.0,9.52,10347.841461140319,49339.33644517311,2021,1
Papa,Norte,Alto,2,173.0,10.38,14224.640243523387,53796.46137614464,2018,1
Girasol,Sur,Medio,7,,6.96,12286.240852331852,36071.615720420676,2018,1
Girasol,Este,Bajo,80,989.0,9.34,-16014.390259064545,48406.44983171396,2019,0
Avena,Este,Bajo,3,267.0,4.38,13836.96036528508,22700.240927506115,2017,0
Papa,Oeste,Medio,3,565.0,5.56,13836.96036528508,28815.83094907169,2020,0
Cebada,Este,Alto,27,651.0,8.84,4532.643287565716,45815.09812766075,2017,1
Soya,Este,Medio,40,153.0,5.25,-507.1951295322724,27209.1928925587,2017,1
Arroz,Este,Bajo,33,442.0,,2206.564018135876,38714.79445855495,2019,0
Papa,Norte,Medio,92,680.0,3.04,-20666.548797924224,15755.418360643514,2018,1
Avena,Este,Medio,1,694.0,7.6,14612.320121761693,,2018,1
Soya,Este,Alto,8,873.0,10.48,11898.560974093545,,2015,1
Soya,Oeste,Bajo,32,657.0,10.56,2594.2438963741824,54729.34798960379,2019,1
Maíz,Este,Alto,48,483.0,,-3608.6341554387254,46488.849570714585,2015,1
Soya,Este,Medio,4,380.0,9.2,13449.280487046773,47680.87135457905,2019,0
Cebada,Sur,Alto,94,192.0,7.14,-21441.90855440084,,2015,0
Girasol,Oeste,Medio,70,849.0,,-12137.591476681475,38507.486322230696,2016,0
Avena,Oeste,Medio,19,589.0,2.47,7634.08231347217,12801.277418022857,2021,1
Soya,Oeste,Alto,32,327.0,,2594.2438963741824,30474.296039665744,2017,1
Maíz,Oeste,Bajo,9,282.0,,11510.881095855239,30888.91231231426,2017,1
Cebada,Oeste,Alto,12,578.0,11.54,10347.841461140319,59808.397329548076,2020,0
Trigo,Oeste,Medio,11,620.0,5.74,10735.521339378625,,2021,1
Girasol,Norte,Bajo,46,139.0,,-2833.274398962112,36486.231993069196,2018,0
Girasol,Este,Medio,16,,6.87,8797.12194818709,35605.1724136911,2020,0
Avena,Oeste,Alto,1,248.0,,14612.320121761693,41461.627264851355,2016,1
Girasol,Este,Bajo,63,411.0,9.23,-9423.832329013327,47836.35245682226,2020,1
Soya,Este,Medio,21,490.0,3.48,6858.722556995557,18035.807860210338,2017,1
Maíz,Norte,Medio,30,75.0,6.82,3369.6036528507957,35346.037243285784,2018,1
Girasol,Oeste,Medio,13,74.0,10.09,9960.161582902012,52293.47738779377,2016,0
Girasol,Sur,Bajo,34,443.0,6.09,1818.8841398975692,31562.663755368092,2017,0
Trigo,Norte,Alto,4,556.0,4.06,13449.280487046773,21041.77583691206,2021,0
Trigo,Sur,Alto,28,350.0,8.2,4144.963409327409,42498.16794647263,2015,1
Arroz,Este,Alto,95,388.0,10.06,-21829.588432639146,,2019,1
Cebada,Este,Alto,59,316.0,1.69,-7873.1128160601,8758.768759699848,2016,0
Soya,Norte,Bajo,27,510.0,,4532.643287565716,49442.99051333524,2018,1
Girasol,Norte,Alto,69,742.0,10.04,-11749.91159844317,52034.34221738845,2020,0
Papa,Sur,Bajo,25,505.0,6.08,5308.003044042331,31510.83672128703,2021,0
Girasol,Oeste,Bajo,3,,11.82,13836.96036528508,,2020,1
Maíz,Sur,Medio,97,117.0,9.65,-22604.948189115763,50013.087888226946,2016,0
Arroz,Norte,Medio,68,912.0,9.51,-11362.231720204862,49287.50941109205,2021,1
Cebada,Sur,Alto,25,,9.23,5308.003044042331,47836.35245682226,2018,1
Papa,Norte,Medio,20,540.0,2.66,7246.402435233864,13785.991065563076,2016,1
Arroz,Sur,Medio,34,882.0,3.39,1818.8841398975692,17569.364553480762,2018,0
Avena,Norte,Bajo,26,98.0,6.1,4920.323165804024,,2020,0
Cebada,Norte,Alto,5,736.0,3.9,13061.600608808465,20212.543291615035,2017,1
Girasol,Norte,Medio,99,613.0,5.57,-23380.307945592373,28867.657983152756,2021,0
Girasol,Oeste,Medio,61,151.0,,-8648.472572536713,55817.71570530613,2015,0
Cebada,Sur,Bajo,92,265.0,10.07,-20666.548797924224,52189.82331963164,2017,1
Girasol,Sur,Alto,93,487.0,7.93,-21054.22867616253,41098.838026283905,2015,1
Soya,Sur,Medio,9,749.0,10.44,11510.881095855239,54107.42358063102,2020,1
Cebada,Norte,Bajo,50,618.0,9.62,-4383.993911915339,49857.60678598375,2021,0
Arroz,Sur,Bajo,6,608.0,5.72,12673.92073057016,29645.06349436872,2017,1
Cebada,Sur,Medio,83,208.0,3.21,-17177.429893779463,16636.477940021607,2017,0
Papa,Norte,Medio,60,538.0,6.66,-8260.792694298409,,2016,0
Girasol,Este,Bajo,44,735.0,9.1,-2057.914642485499,,2019,1
Soya,Norte,Alto,11,291.0,5.8,10735.521339378625,30059.67976701723,2020,1
Soya,Sur,Bajo,66,843.0,8.33,-10586.871963728248,43171.919389526476,2018,1
Avena,Norte,Medio,47,802.0,2.04,-3220.9542772004206,10572.714952537095,2020,1
Arroz,Este,Alto,73,931.0,9.23,-13300.631111396397,,2018,1
Trigo,Norte,Medio,85,54.0,9.94,-17952.789650256076,51516.07187657781,2021,1
Trigo,Sur,Medio,88,645.0,8.78,-19115.829284970998,45504.135923174355,2018,1
Cebada,Este,Medio,98,869.0,11.64,-22992.628067354068,,2015,1
Avena,Oeste,Bajo,86,410.0,10.09,-18340.46952849439,52293.47738779377,2018,1
Maíz,Sur,Alto,3,508.0,10.93,13836.96036528508,56646.94825060316,2018,1
Cebada,Este,Medio,76,297.0,11.27,-14463.670746111318,,2016,1
Avena,Este,Alto,92,615.0,9.81,-20666.548797924224,50842.32043352398,2017,0
Arroz,Oeste,Bajo,30,722.0,,3369.6036528507957,43638.36269625605,2020,1
Arroz,Norte,Bajo,90,995.0,1.06,-19891.189041447615,5493.665612592805,2020,0
Arroz,Norte,Bajo,21,471.0,6.12,6858.722556995557,31718.14485761129,2021,1
Arroz,Sur,Medio,28,972.0,7.28,4144.963409327409,37730.08081101473,2021,0
Arroz,Oeste,Medio,90,787.0,4.34,-19891.189041447615,22492.93279118186,2018,1
Avena,Norte,Alto,62,64.0,4.5,-9036.152450775022,23322.165336478887,2019,1
Avena,Oeste,Medio,33,785.0,11.57,2206.564018135876,,2020,0
Soya,Norte,Alto,85,622.0,10.81,-17952.789650256076,,2021,0
Papa,Este,Bajo,35,171.0,10.34,1431.2042616592626,53589.15323982038,2018,0
Trigo,Norte,Alto,52,326.0,,-5159.353668391952,28349.387642342113,2021,1
Girasol,Oeste,Alto,34,607.0,,1818.8841398975692,,2015,0
Arroz,Este,Alto,41,502.0,,-894.875007770579,9743.482407240068,2015,0
Maíz,Este,Alto,51,439.0,4.43,-4771.673790153647,22959.376097911438,2021,0
Girasol,Este,Alto,47,343.0,1.17,-3220.9542772004206,6063.762987484511,2015,1
Avena,Oeste,Medio,82,623.0,1.19,-16789.750015541158,,2021,0
Maíz,Sur,Bajo,58,647.0,11.08,-7485.432937821795,57424.353761819126,2018,1
Maíz,Sur,Bajo,75,495.0,8.77,-14075.99086787301,45452.30888909329,2016,0
Maíz,Sur,Alto,57,259.0,4.4,-7097.753059583487,22803.894995668248,2019,1
Soya,Oeste,Medio,23,639.0,2.46,6083.362800518944,12749.450383941792,2018,0
Avena,Este,Alto,48,763.0,,-3608.6341554387254,34361.32359574556,2016,1
Maíz,Sur,Medio,22,351.0,,6471.0426787572505,5493.665612592805,2016,0
Arroz,Oeste,Bajo,17,958.0,11.32,8409.442069948786,58668.20257976467,2020,1
Cebada,Sur,Bajo,69,272.0,,-11749.91159844317,28815.83094907169,2018,1
Maíz,Norte,Medio,11,783.0,5.43,10735.521339378625,28142.079506017857,2018,1
Soya,Sur,Medio,94,52.0,,-21441.90855440084,27468.32806296402,2021,1
Girasol,Sur,Bajo,15,567.0,1.76,9184.801826425399,9121.557998267299,2016,1
Avena,Este,Medio,91,142.0,8.02,-20278.86891968592,41565.28133301348,2016,1
Papa,Oeste,Bajo,35,569.0,,1431.2042616592626,46955.29287744416,2016,1
Soya,Este,Medio,33,477.0,8.44,2206.564018135876,43742.01676441818,2021,0
Maíz,Este,Bajo,84,542.0,2.52,-17565.10977201777,13060.412588428177,2020,1
Avena,Este,Alto,16,284.0,,8797.12194818709,38196.52411774431,2018,1
Cebada,Este,Medio,34,,7.26,1818.8841398975692,37626.4267428526,2016,0
Maíz,Este,Medio,66,210.0,10.55,-10586.871963728248,54677.52095552273,2015,0
Soya,Sur,Bajo,99,770.0,5.17,-23380.307945592373,26794.57661991019,2018,0
Trigo,Este,Bajo,40,801.0,5.09,-507.1951295322724,26379.960347261673,2021,1
Arroz,Este,Medio,28,380.0,,4144.963409327409,40425.08658323007,2020,0
Papa,Oeste,Medio,47,382.0,7.96,-3220.9542772004206,41254.319128527095,2015,0
Girasol,Norte,Medio,39,99.0,6.16,-119.51525129396578,31925.452993935545,2021,0
Soya,Sur,Bajo,70,572.0,5.87,-12137.591476681475,,2017,1
Avena,Sur,Medio,73,912.0,6.44,-13300.631111396397,33376.60994820534,2018,1
Papa,Sur,Alto,20,717.0,10.47,7246.402435233864,,2017,0
Papa,Este,Alto,1,541.0,6.07,14612.320121761693,31459.009687205966,2021,0
Papa,Este,Bajo,72,631.0,11.34,-12912.951233158088,,2021,0
Maíz,Este,Medio,87,730.0,6.54,-18728.149406732693,,2021,1
Arroz,Oeste,Bajo,63,321.0,11.44,-9423.832329013327,59290.12698873744,2016,1
Maíz,Norte,Bajo,67,629.0,,-10974.551841966557,52656.26662636122,2020,1
Avena,Este,Alto,4,916.0,4.99,13449.280487046773,25861.690006451034,2016,0
Maíz,Norte,Bajo,58,301.0,10.5,-7485.432937821795,54418.3857851174,2020,1
Trigo,Oeste,Medio,25,609.0,2.21,5308.003044042331,11453.774531915187,2019,1
Arroz,Sur,Medio,47,745.0,11.18,-3220.9542772004206,57942.624102629765,2016,0
Arroz,Este,Alto,38,881.0,7.95,268.16462694434085,,2017,0
Avena,Norte,Medio,15,748.0,1.6,9184.801826425399,8292.325452970272,2020,0
Girasol,Norte,Bajo,63,139.0,,-9423.832329013327,41928.07057158093,2016,1
Trigo,Este,Medio,21,,11.72,6858.722556995557,60741.28394300724,2018,1
Soya,Sur,Medio,99,381.0,1.77,-23380.307945592373,,2021,1
Maíz,Sur,Bajo,57,188.0,7.1,-7097.753059583487,36797.194197555575,2020,1
Cebada,Sur,Medio,53,406.0,9.23,-5547.03354663026,47836.35245682226,2020,0
Maíz,Oeste,Bajo,46,650.0,9.91,-2833.274398962112,51360.59077433462,2016,1
Papa,Norte,Bajo,14,323.0,,9572.481704663704,28764.003914990626,2019,1
Maíz,Norte,Medio,76,68.0,3.25,-14463.670746111318,,2016,0
Soya,Norte,Bajo,17,360.0,1.47,8409.442069948786,7618.574009916436,2017,1
Maíz,Oeste,Medio,39,919.0,7.38,-119.51525129396578,38248.35115182537,2017,0
Trigo,Norte,Medio,9,935.0,5.98,11510.881095855239,30992.56638047639,2020,0
Trigo,Oeste,Alto,99,203.0,11.44,-23380.307945592373,59290.12698873744,2020,1
Arroz,Sur,Bajo,77,439.0,1.67,-14851.350624349623,8655.11469153772,2016,1
Avena,Este,Bajo,79,309.0,8.54,-15626.710380826236,44260.28710522882,2017,1
Girasol,Norte,Bajo,82,669.0,1.27,-16789.750015541158,6582.033328295152,2017,0
Cebada,Norte,Medio,97,932.0,2.89,-22604.948189115763,14978.012849427552,2019,1
Papa,Sur,Alto,6,846.0,5.99,12673.92073057016,31044.393414557453,2018,1
Maíz,Este,Bajo,91,620.0,6.0,-20278.86891968592,,2019,1
Maíz,Oeste,Alto,23,174.0,8.54,6083.362800518944,44260.28710522882,2015,1
Soya,Este,Bajo,59,403.0,11.01,-7873.1128160601,57061.564523251676,2021,1
Avena,Sur,Medio,91,322.0,8.03,-20278.86891968592,41617.108367094545,2019,0
Trigo,Sur,Alto,98,668.0,,-22992.628067354068,,2016,1
Cebada,Este,Alto,46,860.0,10.7,-2833.274398962112,55454.92646673868,2018,0
Arroz,Oeste,Alto,38,294.0,7.43,268.16462694434085,38507.486322230696,2016,0
Trigo,Oeste,Alto,14,897.0,10.17,9572.481704663704,52708.09366044228,2021,1
Papa,Norte,Medio,72,499.0,8.07,-12912.951233158088,,2015,1
Avena,Oeste,Alto,62,979.0,1.86,-9036.152450775022,,2018,0
Papa,Este,Bajo,35,296.0,,1431.2042616592626,47421.73618417374,2020,1
Girasol,Sur,Alto,19,,2.04,7634.08231347217,10572.714952537095,2017,0
Arroz,Norte,Medio,30,190.0,7.53,3369.6036528507957,,2019,1
Girasol,Norte,Alto,78,411.0,8.73,-15239.030502587932,,2016,1
Soya,Sur,Medio,84,57.0,1.73,-17565.10977201777,,2015,1
Papa,Oeste,Medio,25,527.0,3.54,5308.003044042331,18346.770064696724,2017,0
Soya,Sur,Medio,40,401.0,11.07,-507.1951295322724,57372.52672773806,2019,1
Maíz,Oeste,Alto,88,544.0,7.78,-19115.829284970998,40321.43251506794,2017,1
Girasol,Sur,Bajo,14,655.0,,9572.481704663704,,2019,1
Avena,Este,Bajo,26,882.0,8.6,4920.323165804024,44571.249309715204,2020,1
Papa,Oeste,Bajo,87,476.0,7.56,-18728.149406732693,39181.23776528453,2018,1
Cebada,Este,Bajo,22,88.0,,6471.0426787572505,,2017,0
Arroz,Norte,Alto,48,642.0,11.74,-3608.6341554387254,,2017,1
Trigo,Sur,Bajo,83,236.0,8.52,-17177.429893779463,44156.63303706669,2017,1
Avena,Norte,Alto,51,645.0,5.13,-4771.673790153647,26587.26848358593,2018,0
Avena,Norte,Medio,3,649.0,9.8,13836.96036528508,50790.493399442916,2015,1
Soya,Norte,Bajo,42,803.0,10.73,-1282.5548860088857,55610.407568981886,2019,0
Girasol,Norte,Alto,19,903.0,2.38,7634.08231347217,,2020,1
Papa,Sur,Medio,73,142.0,3.21,-13300.631111396397,16636.477940021607,2017,1
Papa,Norte,Medio,28,135.0,3.38,4144.963409327409,17517.537519399695,2021,0
Maíz,Sur,Medio,84,93.0,8.6,-17565.10977201777,44571.249309715204,2018,1
Maíz,Sur,Alto,45,,7.63,-2445.5945207238074,,2015,0
Arroz,Este,Bajo,71,470.0,7.81,-12525.271354919783,40476.91361731113,2019,0
Soya,Oeste,Alto,78,123.0,11.35,-15239.030502587932,58823.68368200786,2018,0
Avena,Oeste,Alto,63,597.0,9.54,-9423.832329013327,49442.99051333524,2020,1
Papa,Sur,Medio,73,662.0,,-13300.631111396397,12490.31521353647,2020,0
Cebada,Este,Bajo,19,561.0,4.82,7634.08231347217,,2019,1
Soya,Sur,Medio,47,205.0,5.79,-3220.9542772004206,30007.852732936168,2017,1
Arroz,Sur,Bajo,14,987.0,5.36,9572.481704663704,27779.29026745041,2020,0
Arroz,Sur,Bajo,38,304.0,8.36,268.16462694434085,43327.400491769666,2015,1
Soya,Este,Bajo,53,220.0,10.81,-5547.03354663026,,2018,1
Arroz,Oeste,Medio,61,777.0,4.37,-8648.472572536713,22648.413893425055,2015,1
Soya,Este,Alto,36,219.0,7.07,1043.524383420956,36641.713095312385,2017,0
Trigo,Norte,Alto,40,813.0,,-507.1951295322724,50168.568990470136,2015,0
Soya,Este,Alto,error,921.0,5.58,-16402.07013730285,28919.48501723382,2015,0
Girasol,Este,Medio,30,371.0,2.85,3369.6036528507957,,2016,0
Soya,Este,Medio,9,616.0,6.22,11510.881095855239,32236.415198421928,2015,0
Arroz,Este,Medio,64,505.0,1.61,-9811.512207251635,8344.152487051335,2019,0
Papa,Oeste,Alto,33,993.0,11.37,2206.564018135876,58927.33775016999,2018,0
Girasol,Norte,Bajo,52,652.0,1.82,-5159.353668391952,,2016,0
Arroz,Oeste,Alto,89,839.0,5.82,-19503.509163209303,30163.33383517936,2018,0
Maíz,Oeste,Medio,14,662.0,6.83,9572.481704663704,35397.86427736685,2018,0
Maíz,Este,Medio,75,204.0,11.84,-14075.99086787301,61363.20835198001,2017,1
Papa,Sur,Alto,53,,2.83,-5547.03354663026,error,2017,0
Papa,Sur,Medio,99,398.0,2.26,-23380.307945592373,11712.909702320507,2016,1
Girasol,Oeste,Alto,59,500.0,1.1,-7873.1128160601,5700.973748917062,2020,0
Trigo,Oeste,Alto,78,925.0,2.71,-15239.030502587932,14045.126235968397,2021,1
Papa,Este,Medio,94,,,-21441.90855440084,16999.267178589056,2017,0
Maíz,Oeste,Bajo,41,222.0,7.94,-894.875007770579,41150.66506036497,2021,1
Soya,Este,Medio,68,59.0,,-11362.231720204862,17724.845655723955,2017,1
Arroz,Sur,Alto,68,789.0,1.23,-11362.231720204862,,2017,0
Maíz,Sur,Bajo,92,314.0,10.09,-20666.548797924224,52293.47738779377,2018,1
Maíz,Norte,Medio,8,487.0,5.02,11898.560974093545,26017.171108694223,2016,1
Trigo,Sur,Medio,2,809.0,4.89,14224.640243523387,25343.419665640387,2018,0
Girasol,Oeste,Alto,86,,4.33,-18340.46952849439,22441.105757100795,2019,1
Girasol,Sur,Bajo,41,716.0,11.73,-894.875007770579,60793.110977088305,2018,1
Avena,Este,Alto,55,595.0,,-6322.393303106874,14874.358781265424,2021,1
Trigo,Sur,Alto,16,548.0,10.88,8797.12194818709,56387.81308019785,2021,0
Soya,Norte,Bajo,93,178.0,9.54,-21054.22867616253,49442.99051333524,2019,1
Girasol,Sur,Bajo,62,721.0,1.84,-9036.152450775022,9536.174270915812,2015,1
Arroz,Este,Alto,48,650.0,,-3608.6341554387254,61415.03538606107,2015,1
Papa,Este,Bajo,30,654.0,,3369.6036528507957,20678.986598344614,2019,1
Trigo,Oeste,Alto,12,376.0,2.08,10347.841461140319,10780.023088861353,2019,0
Papa,Sur,Medio,35,802.0,10.12,1431.2042616592626,52448.95849003696,2018,1
Maíz,Este,Bajo,11,884.0,8.77,10735.521339378625,45452.30888909329,2019,0
Arroz,Norte,Alto,64,453.0,7.79,-9811.512207251635,40373.25954914901,2016,0
Arroz,Oeste,Medio,50,,2.72,-4383.993911915339,14096.953270049462,2015,1
Maíz,Norte,Medio,85,655.0,6.26,-17952.789650256076,,2015,1
Trigo,Sur,Medio,21,724.0,9.59,6858.722556995557,49702.12568374056,2020,0
Maíz,Sur,Medio,69,660.0,4.34,-11749.91159844317,22492.93279118186,2019,1
Papa,Sur,Bajo,48,674.0,4.43,-3608.6341554387254,22959.376097911438,2017,0
Avena,Oeste,Medio,20,408.0,1.03,7246.402435233864,5338.1845103496125,2017,1
Arroz,Este,Alto,67,652.0,,-10974.551841966557,,2019,1
Cebada,Oeste,Bajo,44,907.0,10.63,-2057.914642485499,55092.13722817124,2016,0
Cebada,Norte,Medio,33,767.0,5.86,2206.564018135876,30370.64197150362,2017,0
Papa,Oeste,Medio,73,66.0,11.83,-13300.631111396397,,2020,0
Soya,Norte,Alto,61,323.0,5.35,-8648.472572536713,27727.46323336934,2021,1
Girasol,Oeste,Bajo,9,734.0,,11510.881095855239,,2019,0
Maíz,Este,Alto,68,,4.1,-11362.231720204862,21249.083973236317,2016,0
Maíz,Norte,Medio,35,910.0,5.0,1431.2042616592626,25913.517040532097,2016,1
Soya,Sur,Bajo,81,742.0,,-16402.07013730285,16066.3805651299,2018,1
Soya,Sur,Bajo,98,140.0,4.82,-22992.628067354068,24980.63042707294,2016,0
Papa,Oeste,Bajo,88,131.0,7.02,-19115.829284970998,36382.57792490706,2017,1
Papa,Sur,Medio,96,373.0,11.91,-22217.26831087745,61725.99759054746,2021,0
Soya,Norte,Medio,65,163.0,8.31,-10199.192085489944,43068.26532136435,2017,1
Arroz,Sur,Alto,8,818.0,3.19,11898.560974093545,16532.823871859477,2019,0
Papa,Este,Medio,45,107.0,,-2445.5945207238074,7722.228078078565,2021,0
Avena,Este,Bajo,87,203.0,,-18728.149406732693,,2019,1
Papa,Oeste,Medio,47,926.0,7.19,-3220.9542772004206,37263.63750428516,2016,0
Maíz,Norte,Alto,40,453.0,9.42,-507.1951295322724,48821.06610436247,2020,1
Papa,Este,Bajo,76,677.0,11.34,-14463.670746111318,58771.8566479268,2015,0
Arroz,Este,Bajo,54,904.0,1.17,-5934.713424868569,6063.762987484511,2021,0
Soya,Norte,Bajo,76,315.0,6.75,-14463.670746111318,34983.248004718334,2018,1
Maíz,Sur,Alto,46,364.0,6.18,-2833.274398962112,32029.10706209767,2015,1
Papa,Sur,Medio,47,764.0,8.22,-3220.9542772004206,42601.822014634774,2016,1
Arroz,Oeste,Medio,15,90.0,7.16,9184.801826425399,,2016,0
Avena,Sur,Alto,19,154.0,8.56,7634.08231347217,44363.94117339095,2015,0
Papa,Norte,Alto,26,950.0,8.24,4920.323165804024,,2018,0
Arroz,Este,Medio,52,939.0,2.29,-5159.353668391952,11868.3908045637,2021,0
Avena,Sur,Alto,93,242.0,9.8,-21054.22867616253,50790.493399442916,2021,1
Soya,Oeste,Bajo,22,450.0,2.36,6471.0426787572505,12231.18004313115,2015,1
Papa,Sur,Bajo,21,327.0,8.68,6858.722556995557,44985.86558236372,2019,0
Avena,Norte,Bajo,51,403.0,5.58,-4771.673790153647,28919.48501723382,2017,0
Maíz,Oeste,Bajo,38,,6.65,268.16462694434085,34464.97766390769,2020,0
Soya,Sur,Medio,20,986.0,,7246.402435233864,56698.77528468423,2019,0
Maíz,Oeste,Alto,29,782.0,10.79,3757.2835310891023,55921.36977346826,2021,0
Cebada,Norte,Bajo,51,629.0,10.0,-4771.673790153647,51827.034081064194,2017,1
Trigo,Este,Bajo,4,758.0,6.61,13449.280487046773,,2020,1
Papa,Norte,Medio,55,305.0,9.1,-6322.393303106874,,2020,1
Avena,Norte,Alto,71,700.0,6.64,-12525.271354919783,34413.150629826625,2020,1
Trigo,Norte,Medio,92,873.0,10.57,-20666.548797924224,54781.17502368485,2016,1
Trigo,Norte,Medio,28,,5.43,4144.963409327409,,2020,1
Avena,Este,Bajo,4,710.0,,13449.280487046773,60482.14877260191,2018,0
Soya,Este,Bajo,22,148.0,11.26,6471.0426787572505,,2015,1
Papa,Oeste,Alto,76,637.0,,-14463.670746111318,47473.5632182548,2021,1
Cebada,Sur,Alto,45,331.0,,-2445.5945207238074,21093.602870993127,2018,0
Maíz,Este,Bajo,67,932.0,,-10974.551841966557,12697.623349860729,2015,1
Arroz,Este,Alto,86,452.0,10.4,-18340.46952849439,53900.115444306764,2019,0
Maíz,Sur,Medio,66,158.0,2.82,-10586.871963728248,14615.223610860101,2019,1
Arroz,Este,Alto,88,749.0,,-19115.829284970998,,2015,1
Maíz,Norte,Medio,34,248.0,6.4,1818.8841398975692,33169.30181188109,2018,1
Avena,Norte,Medio,91,352.0,,-20278.86891968592,28349.387642342113,2015,1
Cebada,Sur,Medio,55,376.0,10.94,-6322.393303106874,56698.77528468423,2020,1
Papa,Oeste,Medio,1,203.0,7.64,14612.320121761693,39595.854037933044,2016,1
Arroz,Oeste,Bajo,72,601.0,7.34,-12912.951233158088,38041.04301550112,2021,1
Papa,Sur,Bajo,87,694.0,7.15,-18728.149406732693,37056.3293679609,2019,1
Papa,Sur,Medio,38,454.0,5.08,268.16462694434085,26328.13331318061,2021,1
Papa,Norte,Alto,6,511.0,,12673.92073057016,49961.26085414588,2016,1
Girasol,Oeste,Bajo,86,181.0,3.78,-18340.46952849439,19590.618882642266,2020,1
Soya,Este,Medio,25,840.0,,5308.003044042331,58720.029613845734,2020,1
Maíz,Norte,Alto,82,923.0,10.83,-16789.750015541158,56128.677909792525,2019,1
Papa,Sur,Bajo,17,133.0,4.71,8409.442069948786,24410.533052181236,2019,1
Maíz,Oeste,Medio,61,448.0,9.02,-8648.472572536713,46747.9847411199,2020,0
Papa,Este,Medio,12,803.0,7.31,10347.841461140319,37885.56191325792,2017,0
Arroz,Este,Alto,6,,4.71,12673.92073057016,error,2021,1
Soya,Norte,Bajo,90,158.0,11.87,-19891.189041447615,61518.6894542232,2016,0
Soya,Oeste,Medio,27,270.0,1.28,4532.643287565716,6633.860362376217,2021,0
Avena,Oeste,Alto,8,953.0,3.78,11898.560974093545,19590.618882642266,2016,1
Girasol,Sur,Alto,83,602.0,6.72,-17177.429893779463,34827.76690247514,2017,0
Avena,Oeste,Medio,65,417.0,6.74,-10199.192085489944,34931.42097063727,2018,0
Avena,Oeste,Medio,57,196.0,,-7097.753059583487,38766.62149263602,2016,1
Avena,Norte,Medio,93,161.0,9.27,-21054.22867616253,48043.6605931465,2021,1
Avena,Oeste,Alto,99,664.0,7.86,-23380.307945592373,40736.048787716456,2015,1
Avena,Este,Medio,40,607.0,7.6,-507.1951295322724,39388.545901608784,2020,1
Cebada,Norte,Bajo,14,973.0,1.59,9572.481704663704,8240.498418889207,2020,1
Soya,Norte,Alto,35,543.0,5.14,1431.2042616592626,26639.095517666992,2017,0
Avena,Sur,Medio,48,554.0,3.55,-3608.6341554387254,18398.597098777787,2016,1
Papa,Oeste,Medio,84,524.0,3.92,-17565.10977201777,20316.197359777165,2018,1
Soya,Sur,Bajo,56,885.0,7.1,-6710.073181345182,,2016,0
Soya,Este,Medio,49,939.0,3.19,-3996.314033677034,16532.823871859477,2020,0
Trigo,Norte,Medio,13,320.0,4.23,9960.161582902012,,2019,1
Cebada,Norte,Medio,61,470.0,,-8648.472572536713,18709.559303264174,2015,0
Avena,Norte,Bajo,49,946.0,11.43,-3996.314033677034,59238.29995465637,2017,1
Maíz,Este,Medio,46,756.0,11.39,-2833.274398962112,59030.99181833212,2019,0
Arroz,Este,Alto,62,416.0,7.71,-9036.152450775022,39958.643276500494,2021,1
Girasol,Sur,Bajo,8,329.0,11.17,11898.560974093545,57890.7970685487,2018,1
Papa,Sur,Alto,43,332.0,9.64,-1670.234764247194,49961.26085414588,2019,0
Maíz,Sur,Medio,20,89.0,7.49,7246.402435233864,38818.44852671708,2021,0
Cebada,Oeste,Alto,97,238.0,1.07,-22604.948189115763,5545.492646673869,2019,1
Arroz,Norte,Alto,90,213.0,,-19891.189041447615,49235.682377010984,2018,1
Cebada,Norte,Medio,39,585.0,,-119.51525129396578,45245.00075276905,2019,1
Papa,Sur,Alto,85,585.0,7.77,-17952.789650256076,40269.60548098687,2017,1
Soya,Norte,Alto,49,53.0,9.36,-3996.314033677034,48510.103899876085,2020,1
Arroz,Sur,Medio,64,884.0,6.64,-9811.512207251635,34413.150629826625,2016,0
Soya,Oeste,Medio,62,339.0,8.74,-9036.152450775022,45296.82778685011,2019,0
Papa,Oeste,Medio,54,482.0,11.29,-5934.713424868569,58512.72147752147,2017,0
Maíz,Este,Alto,9,520.0,5.13,11510.881095855239,26587.26848358593,2016,1
Papa,Oeste,Alto,88,230.0,8.79,-19115.829284970998,45555.96295725542,2021,0
Maíz,Sur,Alto,37,297.0,,655.8445051826493,32288.242232502995,2016,0
Arroz,Oeste,Medio,49,677.0,8.42,-3996.314033677034,43638.36269625605,2021,1
Arroz,Este,Alto,41,328.0,9.39,-894.875007770579,48665.58500211928,2019,1
Avena,Norte,Bajo,17,926.0,1.5,8409.442069948786,7774.055112159629,2017,0
Cebada,Sur,Medio,88,630.0,8.11,-19115.829284970998,42031.72463974306,2020,0
Avena,Norte,Bajo,21,912.0,,6858.722556995557,18087.634894291405,2019,1
Cebada,Este,Medio,51,303.0,8.37,-4771.673790153647,43379.22752585073,2021,1
Avena,Este,Medio,59,230.0,,-7873.1128160601,31873.625959854482,2018,1
Soya,Este,Medio,39,879.0,9.51,-119.51525129396578,49287.50941109205,2016,0
Arroz,Norte,Medio,55,730.0,,-6322.393303106874,12231.18004313115,2019,1
Maíz,Norte,Medio,41,874.0,7.89,-894.875007770579,40891.529889959646,2021,1
Cebada,Norte,Medio,39,558.0,4.06,-119.51525129396578,21041.77583691206,2016,0
Papa,Norte,Bajo,13,810.0,10.38,9960.161582902012,53796.46137614464,2021,1
Cebada,Este,Medio,64,749.0,11.21,-9811.512207251635,58098.10520487297,2017,0
Maíz,Este,Bajo,11,615.0,,10735.521339378625,61985.13276095278,2015,0
Avena,Sur,Bajo,19,375.0,,7634.08231347217,50583.18526311865,2019,1
Cebada,Sur,Medio,11,406.0,9.29,10735.521339378625,48147.31466130863,2020,0
Girasol,Norte,Medio,77,874.0,3.37,-14851.350624349623,17465.710485318636,2019,0
Soya,Oeste,Medio,46,699.0,4.7,-2833.274398962112,24358.706018100173,2016,1
Arroz,Oeste,Medio,45,729.0,6.12,-2445.5945207238074,,2017,1
Maíz,Este,Medio,1,440.0,9.51,14612.320121761693,49287.50941109205,2021,1
Arroz,Este,Alto,40,664.0,11.06,-507.1951295322724,57320.699693657,2018,1
Girasol,Este,Medio,19,983.0,,7634.08231347217,15962.726496967773,2020,0
Cebada,Sur,Medio,76,134.0,,-14463.670746111318,57787.143000386575,2017,1
Cebada,Sur,Bajo,72,366.0,8.65,-12912.951233158088,44830.38448012053,2019,1
Papa,Este,Medio,72,261.0,7.72,-12912.951233158088,40010.47031058156,2018,1
Girasol,Este,Medio,61,564.0,,-8648.472572536713,,2017,1
Maíz,Este,Medio,12,433.0,1.61,10347.841461140319,8344.152487051335,2015,1
Papa,Oeste,Medio,61,,,-8648.472572536713,37574.59970877154,2020,1
Soya,Sur,Medio,33,391.0,8.17,2206.564018135876,42342.68684422944,2016,1
Papa,Oeste,Medio,error,864.0,3.32,-2445.5945207238074,17206.575314913312,2017,0
Trigo,Oeste,Alto,90,893.0,7.12,-19891.189041447615,36900.84826571771,2017,1
Maíz,Este,Alto,92,87.0,10.42,-20666.548797924224,54003.76951246889,2015,0
Trigo,Este,Alto,69,560.0,10.19,-11749.91159844317,52811.74772860441,2019,0
Girasol,Norte,Alto,8,469.0,11.2,11898.560974093545,58046.27817079189,2021,0
Avena,Norte,Bajo,25,800.0,5.02,5308.003044042331,26017.171108694223,2021,1
Trigo,Oeste,Bajo,91,218.0,4.5,-20278.86891968592,23322.165336478887,2020,1
Soya,Sur,Bajo,46,958.0,9.24,-2833.274398962112,,2020,1
Papa,Este,Medio,87,392.0,5.74,-18728.149406732693,29748.71756253085,2016,1
Avena,Este,Alto,30,875.0,1.96,3369.6036528507957,10158.098679888582,2017,1
Papa,Oeste,Bajo,47,355.0,4.11,-3220.9542772004206,21300.911007317387,2018,0
Trigo,Norte,Alto,87,591.0,5.6,-18728.149406732693,29023.139085395946,2017,0
Papa,Sur,Bajo,49,751.0,4.22,-3996.314033677034,21871.00838220909,2021,1
Girasol,Norte,Alto,47,918.0,4.65,-3220.9542772004206,24099.570847694853,2016,1
Avena,Norte,Medio,84,586.0,4.23,-17565.10977201777,21922.835416290156,2017,1
Girasol,Norte,Bajo,82,161.0,1.46,-16789.750015541158,,2015,1
Trigo,Norte,Medio,18,460.0,,8021.762191710478,41513.45429893242,2021,0
Girasol,Este,Bajo,66,996.0,,-10586.871963728248,39233.064799365595,2017,1
Soya,Este,Bajo,68,255.0,8.19,-11362.231720204862,42446.34091239157,2017,1
Trigo,Norte,Medio,94,234.0,3.12,-21441.90855440084,16170.034633292029,2021,1
Trigo,Sur,Alto,33,431.0,4.25,2206.564018135876,22026.489484452282,2018,0
Trigo,Oeste,Medio,36,545.0,7.82,1043.524383420956,40528.7406513922,2021,1
Maíz,Sur,Medio,82,428.0,7.6,-16789.750015541158,39388.545901608784,2015,1
Papa,Sur,Medio,19,96.0,6.57,7634.08231347217,34050.361391259175,2015,0
Maíz,Sur,Alto,28,935.0,4.85,4144.963409327409,25136.11152931613,2017,1
Maíz,Norte,Bajo,40,789.0,11.04,-507.1951295322724,57217.045625494866,2020,1
Soya,Este,Medio,84,600.0,4.74,-17565.10977201777,,2018,1
Avena,Sur,Bajo,97,577.0,,-22604.948189115763,,2017,1
Papa,Norte,Bajo,76,553.0,8.46,-14463.670746111318,43845.67083258031,2021,1
Girasol,Sur,Medio,15,71.0,6.97,9184.801826425399,36123.44275450174,2017,1
Cebada,Sur,Bajo,41,262.0,4.82,-894.875007770579,24980.63042707294,2016,0
Trigo,Norte,Medio,39,359.0,5.79,-119.51525129396578,30007.852732936168,2016,0
Girasol,Este,Alto,2,710.0,9.74,14224.640243523387,50479.53119495653,2020,0
Trigo,Este,Bajo,63,802.0,,-9423.832329013327,21041.77583691206,2018,1
Soya,Oeste,Medio,29,321.0,2.56,3757.2835310891023,13267.720724752435,2019,1
Trigo,Norte,Bajo,74,620.0,,-13688.310989634701,23011.203131992504,2016,1
Maíz,Oeste,Alto,66,848.0,10.34,-10586.871963728248,53589.15323982038,2019,1
Papa,Oeste,Medio,51,987.0,1.98,-4771.673790153647,10261.75274805071,2015,1
Cebada,Oeste,Alto,75,251.0,11.91,-14075.99086787301,61725.99759054746,2016,1
Arroz,Este,Medio,77,,6.95,-14851.350624349623,36019.78868633961,2016,0
Trigo,Norte,Bajo,10,492.0,11.83,11123.201217616932,61311.381317898944,2018,1
Girasol,Oeste,Medio,14,211.0,11.33,9572.481704663704,58720.029613845734,2020,1
Maíz,Norte,Alto,82,816.0,5.98,-16789.750015541158,30992.56638047639,2019,1
Arroz,Norte,Medio,51,303.0,3.18,-4771.673790153647,16480.996837778413,2021,1
Cebada,Este,Alto,73,570.0,2.81,-13300.631111396397,14563.39657677904,2016,1
Arroz,Oeste,Alto,39,700.0,3.64,-119.51525129396578,18865.040405507367,2016,0
Maíz,Oeste,Bajo,28,529.0,8.81,4144.963409327409,45659.61702541756,2018,1
Papa,Norte,Bajo,3,59.0,4.0,13836.96036528508,,2018,1
Papa,Sur,Medio,84,775.0,4.76,-17565.10977201777,,2020,1
Avena,Este,Medio,70,554.0,5.94,-12137.591476681475,30785.258244152134,2019,1
Papa,Este,Alto,27,834.0,11.05,4532.643287565716,57268.872659575936,2015,1
Avena,Este,Alto,2,885.0,3.08,14224.640243523387,15962.726496967773,2021,1
Arroz,Este,Medio,93,609.0,1.06,-21054.22867616253,5493.665612592805,2020,1
Soya,Oeste,Bajo,38,485.0,1.66,268.16462694434085,8603.287657456656,2015,1
Girasol,Oeste,Alto,3,160.0,,13836.96036528508,56750.60231876529,2017,1
Girasol,Sur,Bajo,16,202.0,8.12,8797.12194818709,42083.55167382412,2016,1
Arroz,Este,Alto,94,684.0,,-21441.90855440084,20730.813632425677,2019,1
Trigo,Este,Medio,40,966.0,2.95,-507.1951295322724,15288.975053913939,2020,1
Trigo,Norte,Medio,2,918.0,4.24,14224.640243523387,21974.66245037122,2016,0
Papa,Oeste,Bajo,81,151.0,,-16402.07013730285,11712.909702320507,2019,1
Girasol,Este,Medio,41,802.0,11.36,-894.875007770579,58875.510716088924,2019,0
Girasol,Sur,Medio,12,882.0,9.63,10347.841461140319,49909.43382006482,2019,1
Avena,Sur,Medio,35,240.0,6.09,1431.2042616592626,31562.663755368092,2016,0
Soya,Oeste,Bajo,65,778.0,10.51,-10199.192085489944,54470.21281919847,2020,0
Maíz,Sur,Alto,55,612.0,3.74,-6322.393303106874,19383.31074631801,2021,0
Trigo,Sur,Alto,45,853.0,8.89,-2445.5945207238074,46074.23329806607,2018,0
Girasol,Oeste,Bajo,79,130.0,10.42,-15626.710380826236,,2016,0
Avena,Este,Bajo,90,538.0,4.92,-19891.189041447615,25498.900767883584,2019,1
Cebada,Este,Bajo,85,944.0,9.33,-17952.789650256076,48354.622797632896,2020,1
Avena,Sur,Medio,62,,4.25,-9036.152450775022,22026.489484452282,2021,1
Trigo,Sur,Medio,49,243.0,4.29,-3996.314033677034,22233.79762077654,2017,1
Trigo,Este,Medio,95,153.0,2.18,-21829.588432639146,11298.293429671996,2015,0
Avena,Oeste,Bajo,25,832.0,,5308.003044042331,30266.987903341487,2019,1
Maíz,Sur,Medio,23,145.0,9.03,6083.362800518944,46799.811775200964,2017,0
Arroz,Norte,Medio,24,472.0,11.34,5695.682922280637,58771.8566479268,2018,0
Trigo,Oeste,Medio,38,940.0,,268.16462694434085,39595.854037933044,2021,1
Avena,Sur,Alto,28,247.0,10.49,4144.963409327409,54366.55875103634,2021,0
Girasol,Sur,Bajo,21,50.0,10.05,6858.722556995557,52086.16925146952,2019,1
Avena,Norte,Medio,54,456.0,2.91,-5934.713424868569,15081.66691758968,2021,0
Soya,Norte,Medio,18,427.0,6.34,8021.762191710478,32858.3396073947,2017,1
Arroz,Este,Medio,36,216.0,2.29,1043.524383420956,11868.3908045637,2019,1
Cebada,Oeste,Alto,99,558.0,,-23380.307945592373,44052.978968904565,2016,0
Maíz,Oeste,Medio,45,687.0,11.45,-2445.5945207238074,,2020,1
Papa,Este,Alto,73,362.0,,-13300.631111396397,13008.585554347112,2017,0
Cebada,Oeste,Bajo,53,,9.07,-5547.03354663026,47007.119911525224,2020,1
Arroz,Oeste,Bajo,30,467.0,7.95,3369.6036528507957,41202.49209444603,2016,0
Arroz,Oeste,Alto,60,812.0,,-8260.792694298409,,2016,1
Arroz,Oeste,Medio,98,730.0,5.29,-22992.628067354068,,2020,1
Cebada,Oeste,Bajo,32,526.0,4.91,2594.2438963741824,25447.07373380252,2017,0
Girasol,Norte,Bajo,67,122.0,1.5,-10974.551841966557,7774.055112159629,2020,1
Arroz,Oeste,Bajo,67,190.0,3.4,-10974.551841966557,17621.191587561825,2020,1
Avena,Norte,Alto,28,631.0,1.17,4144.963409327409,,2015,1
Cebada,Oeste,Bajo,44,311.0,7.4,-2057.914642485499,38352.005219987506,2017,1
Papa,Este,Medio,79,389.0,2.16,-15626.710380826236,11194.639361509866,2015,0
Arroz,Sur,Bajo,41,357.0,10.6,-894.875007770579,54936.65612592804,2019,1
Avena,Norte,Medio,63,294.0,6.75,-9423.832329013327,34983.248004718334,2021,0
Girasol,Oeste,Bajo,23,564.0,8.7,6083.362800518944,45089.51965052584,2020,0
Soya,Este,Medio,75,386.0,5.52,-14075.99086787301,28608.522812747433,2019,1
Girasol,Sur,Bajo,48,624.0,7.17,-3608.6341554387254,37159.983436123024,2017,1
Papa,Norte,Alto,32,610.0,11.37,2594.2438963741824,58927.33775016999,2020,1
Arroz,Sur,Bajo,57,125.0,,-7097.753059583487,9898.963509483261,2021,0
Papa,Este,Medio,33,929.0,,2206.564018135876,19642.44591672333,2019,1
Cebada,Norte,Alto,24,224.0,,5695.682922280637,49650.2986496595,2018,0
Trigo,Sur,Medio,39,158.0,2.09,-119.51525129396578,10831.850122942416,2016,0
Arroz,Oeste,Medio,34,232.0,1.83,1818.8841398975692,9484.347236834748,2020,0
Trigo,Norte,Medio,56,241.0,4.98,-6710.073181345182,25809.86297236997,2021,1
Avena,Sur,Medio,28,114.0,2.01,4144.963409327409,10417.233850293902,2016,1
Soya,Este,Medio,37,898.0,,655.8445051826493,38559.31335631176,2015,0
Maíz,Este,Alto,7,523.0,3.49,12286.240852331852,18087.634894291405,2019,1
Papa,Norte,Medio,68,832.0,10.85,-11362.231720204862,56232.33197795465,2015,0
Girasol,Sur,Medio,37,149.0,,655.8445051826493,49857.60678598375,2021,1
Soya,Norte,Alto,56,593.0,8.7,-6710.073181345182,,2020,1
Arroz,Norte,Medio,65,913.0,7.79,-10199.192085489944,40373.25954914901,2016,1
Trigo,Sur,Bajo,65,,10.5,-10199.192085489944,54418.3857851174,2016,1
Girasol,Sur,Medio,error,501.0,3.45,-3220.9542772004206,17880.32675796715,2019,1
Trigo,Oeste,Alto,20,963.0,10.6,7246.402435233864,54936.65612592804,2020,1
Cebada,Sur,Bajo,19,418.0,9.68,7634.08231347217,50168.568990470136,2018,1
Trigo,Este,Medio,29,900.0,,3757.2835310891023,47836.35245682226,2018,1
Cebada,Norte,Bajo,74,92.0,,-13688.310989634701,37159.983436123024,2019,0
Avena,Norte,Medio,60,933.0,3.71,-8260.792694298409,19227.829644074816,2020,0
Girasol,Este,Bajo,18,468.0,5.66,8021.762191710478,,2019,1
Girasol,Sur,Medio,92,537.0,9.73,-20666.548797924224,50427.704160875466,2020,1
Maíz,Este,Alto,35,127.0,1.35,1431.2042616592626,6996.649600943667,2021,0
Arroz,Este,Medio,43,875.0,9.6,-1670.234764247194,49753.95271782162,2021,1
Cebada,Oeste,Medio,95,850.0,,-21829.588432639146,18865.040405507367,2015,1
Maíz,Este,Alto,91,319.0,2.59,-20278.86891968592,13423.201826995626,2019,1
Trigo,Norte,Alto,11,723.0,2.27,10735.521339378625,11764.736736401572,2020,1
Trigo,Este,Bajo,49,750.0,,-3996.314033677034,6737.514430538346,2018,1
Maíz,Norte,Medio,38,808.0,6.76,268.16462694434085,35035.07503879939,2020,1
Girasol,Norte,Bajo,64,949.0,3.4,-9811.512207251635,17621.191587561825,2021,1
Trigo,Norte,Alto,69,777.0,,-11749.91159844317,61570.51648830427,2020,1
Papa,Sur,Alto,8,364.0,7.32,11898.560974093545,37937.38894733899,2019,1
Avena,Oeste,Medio,34,,2.52,1818.8841398975692,13060.412588428177,2015,1
Avena,Norte,Alto,48,900.0,8.58,-3608.6341554387254,,2015,0
Papa,Norte,Medio,56,951.0,10.88,-6710.073181345182,56387.81308019785,2015,1
Maíz,Sur,Medio,76,,,-14463.670746111318,47680.87135457905,2015,1
Papa,Norte,Bajo,65,994.0,1.84,-10199.192085489944,,2021,0
Cebada,Este,Alto,31,217.0,10.85,2981.923774612489,,2017,0
Cebada,Este,Bajo,4,388.0,9.73,13449.280487046773,50427.704160875466,2019,1
Maíz,Oeste,Alto,50,242.0,2.74,-4383.993911915339,14200.60733821159,2016,1
Papa,Norte,Alto,69,502.0,1.57,-11749.91159844317,8136.844350727079,2019,0
Cebada,Sur,Alto,30,332.0,7.13,3369.6036528507957,36952.67529979877,2017,0
Girasol,Este,Bajo,88,385.0,2.72,-19115.829284970998,14096.953270049462,2015,0
Papa,Sur,Medio,59,439.0,10.18,-7873.1128160601,52759.920694523345,2017,1
Girasol,Sur,Bajo,67,574.0,4.94,-10974.551841966557,25602.554836045714,2018,0
Cebada,Este,Medio,75,289.0,11.04,-14075.99086787301,57217.045625494866,2018,0
Avena,Sur,Bajo,45,881.0,7.22,-2445.5945207238074,37419.11860652835,2021,1
Cebada,Este,Alto,4,532.0,3.01,13449.280487046773,,2019,1
Girasol,Sur,Medio,26,708.0,2.54,4920.323165804024,13164.066656590305,2019,1
Soya,Este,Medio,27,765.0,7.34,4532.643287565716,,2016,0
Arroz,Norte,Medio,46,641.0,,-2833.274398962112,48613.75796803822,2021,1
Trigo,Oeste,Medio,64,940.0,9.6,-9811.512207251635,49753.95271782162,2016,1
Papa,Este,Medio,91,604.0,4.03,-20278.86891968592,20886.29473466887,2018,1
Soya,Este,Medio,51,507.0,3.25,-4771.673790153647,16843.786076345863,2015,1
Cebada,Oeste,Alto,50,138.0,1.18,-4383.993911915339,,2017,1
Avena,Este,Medio,6,709.0,8.47,12673.92073057016,,2016,0
Maíz,Este,Alto,59,144.0,1.84,-7873.1128160601,,2020,1
Cebada,Sur,Alto,15,501.0,5.63,9184.801826425399,error,2016,0
Avena,Oeste,Bajo,30,477.0,7.62,3369.6036528507957,,2015,1
Arroz,Norte,Alto,42,,11.31,-1282.5548860088857,58616.37554568361,2015,0
Cebada,Este,Bajo,37,563.0,4.43,655.8445051826493,22959.376097911438,2019,0
Girasol,Oeste,Alto,42,425.0,3.75,-1282.5548860088857,19435.137780399073,2017,1
Maíz,Sur,Medio,35,71.0,,1431.2042616592626,error,2015,0
Avena,Norte,Alto,87,932.0,7.81,-18728.149406732693,40476.91361731113,2021,1
Avena,Oeste,Alto,6,362.0,4.65,12673.92073057016,24099.570847694853,2016,0
Avena,Norte,Alto,68,,11.21,-11362.231720204862,58098.10520487297,2016,0
Arroz,Norte,Alto,18,568.0,10.29,8021.762191710478,53330.01806941505,2018,1
Cebada,Norte,Medio,73,255.0,3.46,-13300.631111396397,17932.15379204821,2015,1
Arroz,Este,Bajo,29,424.0,3.63,3757.2835310891023,,2020,1
Papa,Este,Medio,77,,6.64,-14851.350624349623,34413.150629826625,2019,0
Trigo,Sur,Bajo,59,675.0,9.51,-7873.1128160601,49287.50941109205,2017,1
Trigo,Sur,Medio,47,833.0,1.48,-3220.9542772004206,7670.401043997501,2020,1
Papa,Oeste,Medio,17,644.0,8.63,8409.442069948786,,2019,1
Cebada,Sur,Alto,96,228.0,8.13,-22217.26831087745,42135.37870790519,2016,1
Girasol,Norte,Medio,22,259.0,3.55,6471.0426787572505,18398.597098777787,2020,1
Arroz,Norte,Alto,68,,8.49,-11362.231720204862,,2019,1
Maíz,Este,Bajo,69,513.0,,-11749.91159844317,58771.8566479268,2016,1
Avena,Norte,Alto,37,889.0,1.51,655.8445051826493,7825.882146240693,2016,1
Avena,Oeste,Alto,49,173.0,4.52,-3996.314033677034,23425.819404641014,2016,1
Cebada,Norte,Medio,13,162.0,5.82,9960.161582902012,30163.33383517936,2016,0
Girasol,Norte,Medio,34,61.0,10.89,1818.8841398975692,56439.64011427891,2021,0
Trigo,Oeste,Alto,86,175.0,11.58,-18340.46952849439,60015.705465872335,2016,1
Trigo,Sur,Bajo,53,,5.89,-5547.03354663026,30526.123073746807,2018,0
Avena,Sur,Medio,87,380.0,9.25,-18728.149406732693,47940.006524984376,2020,0
Cebada,Oeste,Medio,51,950.0,6.85,-4771.673790153647,35501.51834552897,2019,0
Arroz,Este,Bajo,3,332.0,6.92,13836.96036528508,35864.30758409642,2018,0
Trigo,Norte,Medio,42,189.0,,-1282.5548860088857,21041.77583691206,2021,1
Arroz,Oeste,Bajo,98,450.0,3.39,-22992.628067354068,17569.364553480762,2018,1
Girasol,Norte,Bajo,32,951.0,4.17,2594.2438963741824,21611.87321180377,2015,1
Trigo,Este,Bajo,51,146.0,7.12,-4771.673790153647,36900.84826571771,2015,0
Trigo,Norte,Alto,85,566.0,1.32,-17952.789650256076,6841.168498700474,2015,1
Soya,Oeste,Medio,46,618.0,10.98,-2833.274398962112,56906.08342100849,2017,1
Trigo,Norte,Alto,21,973.0,2.72,6858.722556995557,14096.953270049462,2015,1
Papa,Sur,Medio,44,895.0,3.42,-2057.914642485499,17724.845655723955,2019,1
Maíz,Este,Medio,11,118.0,6.7,10735.521339378625,34724.11283431301,2018,0
Papa,Este,Medio,68,167.0,8.81,-11362.231720204862,45659.61702541756,2019,1
Cebada,Este,Medio,1,937.0,2.05,14612.320121761693,10624.541986618158,2020,1
Cebada,Oeste,Bajo,92,108.0,4.49,-20666.548797924224,23270.338302397824,2015,1
Arroz,Este,Medio,63,82.0,11.66,-9423.832329013327,60430.32173852085,2021,1
Papa,Sur,Bajo,24,367.0,3.89,5695.682922280637,20160.71625753397,2017,0
Papa,Oeste,Medio,99,99.0,4.44,-23380.307945592373,23011.203131992504,2020,1
Papa,Sur,Medio,13,929.0,10.2,9960.161582902012,52863.57476268547,2021,1
Girasol,Norte,Bajo,98,538.0,1.55,-22992.628067354068,8033.19028256495,2017,0
Trigo,Norte,Bajo,11,68.0,6.11,10735.521339378625,31666.317823530226,2020,1
Maíz,Norte,Alto,51,775.0,5.18,-4771.673790153647,26846.403653991252,2018,0
Arroz,Norte,Medio,17,246.0,,8409.442069948786,,2019,0
Papa,Sur,Bajo,99,940.0,4.14,-23380.307945592373,,2016,0
Papa,Oeste,Alto,82,499.0,2.01,-16789.750015541158,10417.233850293902,2019,0
Soya,Oeste,Bajo,86,608.0,4.46,-18340.46952849439,23114.85720015463,2015,1
Arroz,Este,Medio,24,728.0,1.47,5695.682922280637,7618.574009916436,2021,0
Papa,Sur,Alto,19,501.0,9.59,7634.08231347217,,2016,0
Arroz,Norte,Bajo,37,338.0,5.38,655.8445051826493,27882.944335612534,2017,1
Trigo,Sur,Bajo,85,190.0,5.88,-17952.789650256076,30474.296039665744,2018,1
Soya,Este,Bajo,8,133.0,10.83,11898.560974093545,56128.677909792525,2018,1
Arroz,Este,Medio,28,743.0,8.24,4144.963409327409,42705.4760827969,2017,1
Maíz,Sur,Bajo,5,440.0,1.09,13061.600608808465,5649.146714835998,2015,1
Maíz,Sur,Medio,17,640.0,11.37,8409.442069948786,58927.33775016999,2017,0
Cebada,Sur,Bajo,36,264.0,3.61,1043.524383420956,18709.559303264174,2020,1
Soya,Oeste,Medio,19,575.0,2.18,7634.08231347217,11298.293429671996,2021,0
Soya,Norte,Alto,64,264.0,9.45,-9811.512207251635,48976.54720660566,2021,1
Cebada,Sur,Alto,91,452.0,6.51,-20278.86891968592,33739.39918677279,2015,0
Arroz,Sur,Medio,98,177.0,,-22992.628067354068,29904.198664774038,2016,1
Soya,Sur,Medio,11,871.0,3.74,10735.521339378625,19383.31074631801,2017,1
Maíz,Este,Medio,54,526.0,7.02,-5934.713424868569,36382.57792490706,2015,1
Maíz,Este,Medio,45,809.0,4.02,-2445.5945207238074,20834.467700587804,2021,0
Papa,Oeste,Medio,47,453.0,,-3220.9542772004206,56595.1212165221,2016,1
Trigo,Norte,Bajo,12,78.0,3.37,10347.841461140319,17465.710485318636,2017,1
Soya,Oeste,Alto,21,841.0,,6858.722556995557,55610.407568981886,2018,1
Arroz,Norte,Medio,11,387.0,7.15,10735.521339378625,37056.3293679609,2017,0
Cebada,Este,Bajo,92,880.0,10.11,-20666.548797924224,,2019,0
Cebada,Este,Medio,5,763.0,8.84,13061.600608808465,45815.09812766075,2017,1
Arroz,Este,Medio,81,410.0,8.66,-16402.07013730285,44882.21151420159,2019,1
Girasol,Oeste,Alto,56,618.0,4.57,-6710.073181345182,23684.954575046337,2016,1
Avena,Sur,Alto,20,441.0,,7246.402435233864,18502.251166939917,2017,1
Trigo,Sur,Alto,41,267.0,3.32,-894.875007770579,17206.575314913312,2016,1
Cebada,Este,Bajo,46,623.0,10.43,-2833.274398962112,,2016,1
Soya,Sur,Medio,12,718.0,10.02,10347.841461140319,51930.68814922632,2021,1
Trigo,Sur,Medio,70,251.0,5.85,-12137.591476681475,30318.81493742255,2015,0
Soya,Oeste,Bajo,17,66.0,,8409.442069948786,12749.450383941792,2016,1
Girasol,Norte,Bajo,19,371.0,5.2,7634.08231347217,26950.057722153382,2016,0
Maíz,Este,Alto,26,567.0,,4920.323165804024,40476.91361731113,2021,0
Trigo,Este,Bajo,48,619.0,6.0,-3608.6341554387254,31096.220448638516,2021,0
Papa,Oeste,Medio,52,374.0,9.58,-5159.353668391952,49650.2986496595,2017,0
Cebada,Oeste,Bajo,96,461.0,11.97,-22217.26831087745,,2021,1
Trigo,Sur,Bajo,70,367.0,3.1,-12137.591476681475,error,2017,1
Trigo,Este,Bajo,55,730.0,6.06,-6322.393303106874,31407.1826531249,2018,1
Trigo,Norte,Alto,75,131.0,5.74,-14075.99086787301,29748.71756253085,2021,0
Avena,Oeste,Alto,33,523.0,4.35,2206.564018135876,22544.75982526292,2015,1
Trigo,Norte,Alto,62,517.0,3.18,-9036.152450775022,16480.996837778413,2016,0
Soya,Norte,Medio,88,474.0,1.72,-19115.829284970998,8914.24986194304,2015,1
Maíz,Este,Bajo,23,994.0,error,6083.362800518944,55765.88867122507,2019,1
Girasol,Este,Medio,15,780.0,5.62,9184.801826425399,29126.79315355808,2021,1
Arroz,Oeste,Medio,27,738.0,6.47,4532.643287565716,33532.09105044853,2016,1
Trigo,Este,Alto,75,253.0,11.09,-14075.99086787301,57476.18079590019,2015,1
Cebada,Este,Bajo,64,632.0,9.54,-9811.512207251635,,2021,0
Trigo,Este,Medio,81,436.0,,-16402.07013730285,12645.796315779662,2021,1
Cebada,Norte,Bajo,51,827.0,7.22,-4771.673790153647,37419.11860652835,2018,1
Soya,Oeste,Medio,53,147.0,5.86,-5547.03354663026,30370.64197150362,2018,0
Cebada,Sur,Alto,78,394.0,9.77,-15239.030502587932,,2016,1
Papa,Norte,Medio,91,852.0,8.97,-20278.86891968592,46488.849570714585,2019,1
Arroz,Este,Medio,82,257.0,8.59,-16789.750015541158,44519.42227563414,2018,1
Maíz,Norte,Medio,92,563.0,4.75,-20666.548797924224,24617.841188505492,2018,0
Cebada,Este,Medio,51,685.0,9.85,-4771.673790153647,51049.62856984823,2019,0
Cebada,Este,Alto,47,841.0,1.58,-3220.9542772004206,8188.671384808143,2015,1
Maíz,Norte,Alto,4,635.0,2.76,13449.280487046773,14304.261406373716,2018,0
Arroz,Oeste,Alto,7,215.0,4.69,12286.240852331852,,2017,1
Trigo,Este,Alto,35,,1.84,1431.2042616592626,9536.174270915812,2020,1
Cebada,Oeste,Medio,48,,3.58,-3608.6341554387254,,2020,1
Maíz,Sur,Medio,73,988.0,,-13300.631111396397,52500.78552411803,2018,1
Papa,Este,Medio,72,488.0,11.43,-12912.951233158088,59238.29995465637,2015,1
Papa,Oeste,Bajo,45,344.0,,-2445.5945207238074,22544.75982526292,2021,0
Soya,Oeste,Alto,81,268.0,3.91,-16402.07013730285,20264.3703256961,2015,0
Maíz,Sur,Bajo,81,718.0,4.08,-16402.07013730285,21145.42990507419,2016,1
Soya,Oeste,Alto,97,544.0,,-22604.948189115763,20989.948802830997,2017,1
Papa,Oeste,Medio,96,,1.4,-22217.26831087745,7255.784771348986,2015,1
Arroz,Sur,Medio,72,69.0,11.2,-12912.951233158088,58046.27817079189,2019,1
Trigo,Este,Medio,19,602.0,3.35,7634.08231347217,17362.056417156506,2017,1
Maíz,Oeste,Alto,63,999.0,5.62,-9423.832329013327,29126.79315355808,2020,0
Girasol,Oeste,Medio,38,197.0,1.11,268.16462694434085,5752.800782998126,2017,0
Papa,Oeste,Medio,67,157.0,,-10974.551841966557,54107.42358063102,2019,0
Papa,Norte,Bajo,59,,,-7873.1128160601,46851.63880928203,2018,1
Girasol,Sur,Medio,69,645.0,,-11749.91159844317,,2019,1
Avena,Norte,Bajo,13,532.0,9.6,9960.161582902012,49753.95271782162,2019,1
Papa,Sur,Alto,47,416.0,4.45,-3220.9542772004206,23063.030166073568,2018,1
Cebada,Este,Medio,61,883.0,3.73,-8648.472572536713,19331.483712236943,2018,1
Arroz,Este,Medio,31,463.0,8.67,2981.923774612489,44934.03854828265,2018,1
Maíz,Oeste,Bajo,80,358.0,5.01,-16014.390259064545,25965.34407461316,2018,0
Girasol,Sur,Bajo,96,,7.23,-22217.26831087745,37470.94564060942,2018,1
Cebada,Este,Alto,22,967.0,1.07,6471.0426787572505,,2019,1
Girasol,Sur,Bajo,93,884.0,1.68,-21054.22867616253,8706.941725618784,2016,0
Maíz,Este,Bajo,86,,6.89,-18340.46952849439,35708.826481853226,2016,1
Soya,Norte,Bajo,43,768.0,7.23,-1670.234764247194,,2015,1
Maíz,Este,Alto,67,332.0,,-10974.551841966557,48043.6605931465,2016,0
Avena,Norte,Alto,54,827.0,2.45,-5934.713424868569,12697.623349860729,2020,1
Maíz,Este,Medio,10,122.0,6.65,11123.201217616932,34464.97766390769,2016,1
Maíz,Oeste,Bajo,42,530.0,3.14,-1282.5548860088857,,2019,0
Avena,Norte,Medio,64,401.0,2.03,-9811.512207251635,,2018,1
Arroz,Este,Alto,21,609.0,5.52,6858.722556995557,,2018,0
Papa,Oeste,Medio,80,375.0,2.8,-16014.390259064545,14511.569542697973,2021,1
Maíz,Norte,Bajo,76,,3.44,-14463.670746111318,17828.49972388608,2021,0
Avena,Oeste,Bajo,66,492.0,4.49,-10586.871963728248,23270.338302397824,2021,1
Cebada,Sur,Bajo,41,149.0,3.85,-894.875007770579,19953.408121209715,2019,1
Soya,Sur,Medio,24,108.0,1.96,5695.682922280637,10158.098679888582,2020,0
Soya,Norte,Alto,35,557.0,1.99,1431.2042616592626,10313.579782131774,2016,1
Maíz,Este,Bajo,56,307.0,3.13,-6710.073181345182,16221.861667373092,2019,1
Arroz,Norte,Bajo,30,462.0,1.56,3369.6036528507957,8085.0173166460145,2015,1
Arroz,Oeste,Bajo,57,501.0,7.89,-7097.753059583487,40891.529889959646,2018,1
Cebada,Este,Alto,94,114.0,4.16,-21441.90855440084,21560.046177722706,2021,1
Maíz,Sur,Bajo,47,644.0,4.08,-3220.9542772004206,,2017,0
Soya,Este,Alto,35,203.0,4.65,1431.2042616592626,24099.570847694853,2015,0
Arroz,Sur,Medio,19,315.0,8.29,7634.08231347217,42964.61125320221,2021,1
Maíz,Este,Medio,8,870.0,10.58,11898.560974093545,54833.002057765916,2020,1
Girasol,Este,Bajo,26,128.0,9.35,4920.323165804024,48458.27686579502,2015,0
Arroz,Este,Bajo,71,364.0,9.0,-12525.271354919783,,2019,1
Avena,Oeste,Medio,30,,6.33,3369.6036528507957,32806.51257331364,2016,0
Girasol,Oeste,Alto,7,996.0,8.63,12286.240852331852,44726.7304119584,2018,1
Papa,Norte,Medio,67,609.0,,-10974.551841966557,36693.54012939345,2020,0
Arroz,Norte,Medio,65,966.0,3.38,-10199.192085489944,17517.537519399695,2020,0
Soya,Sur,Bajo,36,940.0,3.29,1043.524383420956,17051.09421267012,2017,1
Trigo,Oeste,Alto,25,297.0,4.26,5308.003044042331,22078.316518533346,2015,0
Girasol,Sur,Alto,37,839.0,11.02,655.8445051826493,,2017,1
Papa,Norte,Bajo,1,,7.02,14612.320121761693,36382.57792490706,2016,0
Cebada,Sur,Alto,15,659.0,error,9184.801826425399,47007.119911525224,2021,1
Cebada,Norte,Medio,37,463.0,,655.8445051826493,,2016,1
Soya,Oeste,Medio,13,74.0,5.48,9960.161582902012,28401.21467642318,2021,0
Arroz,Este,Alto,8,333.0,2.38,11898.560974093545,12334.834111293278,2017,1
Maíz,Oeste,Alto,5,498.0,2.88,13061.600608808465,14926.185815346487,2018,1
Arroz,Sur,Medio,60,930.0,10.1,-8260.792694298409,52345.30442187483,2016,1
Soya,Sur,Bajo,73,350.0,7.43,-13300.631111396397,38507.486322230696,2017,1
Cebada,Oeste,Medio,1,,,14612.320121761693,24410.533052181236,2015,1
Arroz,Oeste,Alto,36,56.0,9.83,1043.524383420956,,2017,0
Cebada,Norte,Bajo,35,866.0,3.71,1431.2042616592626,19227.829644074816,2017,0
Girasol,Sur,Medio,66,186.0,11.74,-10586.871963728248,60844.93801116937,2019,1
Papa,Sur,Medio,63,213.0,4.79,-9423.832329013327,24825.14932482975,2016,1
Maíz,Oeste,Medio,23,132.0,4.71,6083.362800518944,error,2018,0
Girasol,Este,Medio,9,946.0,,11510.881095855239,22959.376097911438,2018,1
Cebada,Sur,Alto,34,699.0,2.34,1818.8841398975692,,2019,1
Cebada,Este,Bajo,46,469.0,2.22,-2833.274398962112,error,2021,1
Trigo,Oeste,Bajo,78,122.0,,-15239.030502587932,42135.37870790519,2020,0
Trigo,Oeste,Bajo,4,286.0,,13449.280487046773,55092.13722817124,2021,1
Girasol,Norte,Alto,30,95.0,9.7,3369.6036528507957,50272.22305863226,2018,0
Avena,Sur,Medio,95,667.0,2.55,-21829.588432639146,13215.893690671368,2017,1
Girasol,Este,Bajo,75,977.0,,-14075.99086787301,36278.923856744936,2019,1
Trigo,Norte,Alto,99,849.0,2.16,-23380.307945592373,11194.639361509866,2015,1
Cebada,Sur,Alto,72,311.0,1.5,-12912.951233158088,7774.055112159629,2016,0
Soya,Norte,Alto,3,225.0,8.22,13836.96036528508,42601.822014634774,2016,0
Girasol,Oeste,Alto,14,215.0,6.89,9572.481704663704,35708.826481853226,2016,1
Cebada,Sur,Bajo,60,706.0,1.9,-8260.792694298409,9847.136475402196,2017,1
Soya,Norte,Alto,77,891.0,1.38,-14851.350624349623,7152.130703186858,2015,0
Soya,Norte,Medio,45,419.0,11.89,-2445.5945207238074,61622.34352238533,2019,1
Trigo,Este,Alto,96,844.0,1.33,-22217.26831087745,6892.995532781538,2019,0
Girasol,Norte,Alto,34,103.0,,1818.8841398975692,30526.123073746807,2016,0
Arroz,Sur,Alto,45,739.0,6.55,-2445.5945207238074,33946.70732309705,2015,0
Maíz,Sur,Medio,61,468.0,2.29,-8648.472572536713,11868.3908045637,2015,0
Trigo,Este,Bajo,83,805.0,2.86,-17177.429893779463,14822.53174718436,2015,0
Trigo,Sur,Medio,16,556.0,4.87,8797.12194818709,25239.765597478265,2018,1
Arroz,Oeste,Alto,66,,9.38,-10586.871963728248,48613.75796803822,2018,1
Maíz,Sur,Alto,40,176.0,6.58,-507.1951295322724,,2016,1
Cebada,Sur,Bajo,17,458.0,8.02,8409.442069948786,41565.28133301348,2015,0
Avena,Norte,Bajo,34,973.0,11.84,1818.8841398975692,61363.20835198001,2020,0
Girasol,Norte,Bajo,16,416.0,9.45,8797.12194818709,48976.54720660566,2015,0
Avena,Sur,Alto,60,320.0,5.78,-8260.792694298409,29956.025698855105,2019,0
Cebada,Este,Alto,66,693.0,5.91,-10586.871963728248,30629.77714190894,2019,1
Papa,Norte,Bajo,66,654.0,7.81,-10586.871963728248,40476.91361731113,2016,1
Trigo,Este,Medio,90,428.0,,-19891.189041447615,43120.09235544541,2020,0
Maíz,Sur,Alto,13,,6.51,9960.161582902012,33739.39918677279,2015,0
Trigo,Sur,Alto,56,972.0,8.09,-6710.073181345182,,2021,0
Soya,Oeste,Medio,31,971.0,1.26,2981.923774612489,6530.206294214088,2020,0
Trigo,Norte,Medio,34,964.0,5.73,1818.8841398975692,,2016,1
Trigo,Sur,Medio,error,297.0,,-119.51525129396578,21093.602870993127,2019,0
Cebada,Oeste,Bajo,67,909.0,,-10974.551841966557,12542.142247617534,2021,1
Cebada,Norte,Medio,8,834.0,,11898.560974093545,10883.677157023481,2019,1
Cebada,Sur,Medio,87,92.0,7.64,-18728.149406732693,39595.854037933044,2018,1
Avena,Sur,Alto,78,426.0,6.76,-15239.030502587932,,2016,1
Soya,Norte,Medio,55,,3.79,-6322.393303106874,,2016,1
Papa,Norte,Alto,27,219.0,,4532.643287565716,32029.10706209767,2015,0
Papa,Norte,Bajo,93,995.0,6.41,-21054.22867616253,33221.12884596215,2015,1
Cebada,Sur,Medio,53,261.0,3.15,-5547.03354663026,16325.51573553522,2018,1
Maíz,Sur,Bajo,39,542.0,8.17,-119.51525129396578,42342.68684422944,2021,0
Avena,Oeste,Bajo,65,729.0,9.59,-10199.192085489944,49702.12568374056,2017,1
Arroz,Este,Alto,17,,9.71,8409.442069948786,50324.05009271334,2020,1
Maíz,Norte,Alto,30,418.0,7.63,3369.6036528507957,39544.02700385198,2017,1
Girasol,Sur,Bajo,53,806.0,6.63,-5547.03354663026,34361.32359574556,2017,0
Girasol,Sur,Medio,13,200.0,1.67,9960.161582902012,8655.11469153772,2016,0
Maíz,Norte,Alto,21,160.0,4.17,6858.722556995557,21611.87321180377,2020,1
Cebada,Este,Bajo,19,529.0,,7634.08231347217,,2016,0
Arroz,Norte,Medio,53,485.0,11.6,-5547.03354663026,60119.35953403446,2020,1
Arroz,Este,Alto,19,96.0,,7634.08231347217,,2019,1
Avena,Sur,Medio,57,624.0,,-7097.753059583487,13837.818099644139,2016,0
Arroz,Este,Bajo,25,786.0,10.79,5308.003044042331,55921.36977346826,2016,1
Girasol,Oeste,Medio,86,415.0,,-18340.46952849439,58979.16478425106,2016,1
Soya,Sur,Alto,31,118.0,,2981.923774612489,48821.06610436247,2021,0
Cebada,Oeste,Medio,81,348.0,1.06,-16402.07013730285,,2018,1
Arroz,Norte,Bajo,55,993.0,1.01,-6322.393303106874,5234.5304421874835,2016,1
Avena,Norte,Alto,23,851.0,5.16,6083.362800518944,26742.749585829126,2015,1
Girasol,Norte,Bajo,32,345.0,2.58,2594.2438963741824,,2015,1
Soya,Este,Alto,62,,1.2,-9036.152450775022,6219.244089727703,2020,1
Trigo,Sur,Bajo,74,110.0,,-13688.310989634701,31614.490789449155,2019,1
Trigo,Norte,Alto,10,995.0,,11123.201217616932,58927.33775016999,2018,1
Soya,Norte,Medio,72,879.0,4.56,-12912.951233158088,23633.12754096527,2021,1
Girasol,Sur,Medio,54,363.0,8.27,-5934.713424868569,42860.95718504008,2020,1
Avena,Norte,Bajo,52,210.0,,-5159.353668391952,42342.68684422944,2015,1
Soya,Oeste,Medio,20,380.0,3.76,7246.402435233864,19486.964814480136,2018,0
Cebada,Sur,Alto,32,577.0,8.15,2594.2438963741824,42239.03277606732,2018,1
Cebada,Sur,Alto,14,387.0,3.34,9572.481704663704,17310.22938307544,2019,1
Trigo,Sur,Medio,50,655.0,2.34,-4383.993911915339,12127.525974969021,2018,0
Arroz,Oeste,Medio,28,353.0,8.72,4144.963409327409,45193.17371868798,2016,1
Avena,Sur,Alto,53,552.0,2.25,-5547.03354663026,11661.082668239444,2018,0
Trigo,Oeste,Alto,24,699.0,11.97,5695.682922280637,,2019,0
Arroz,Sur,Medio,79,387.0,,-15626.710380826236,15651.764292481386,2020,1
Arroz,Este,Medio,22,599.0,,6471.0426787572505,39077.583697122405,2019,1
Papa,Norte,Medio,30,,5.53,3369.6036528507957,28660.3498468285,2021,0
Cebada,Este,Medio,63,324.0,2.39,-9423.832329013327,12386.661145374343,2019,1
Girasol,Norte,Bajo,4,213.0,1.31,13449.280487046773,6789.34146461941,2015,1
Maíz,Oeste,Medio,77,492.0,7.85,-14851.350624349623,40684.22175363539,2016,0
Girasol,Este,Medio,59,368.0,9.87,-7873.1128160601,51153.28263801036,2015,1
Maíz,Sur,Alto,87,638.0,10.26,-18728.149406732693,,2020,1
Soya,Norte,Bajo,8,553.0,,11898.560974093545,32702.858505151504,2017,1
Cebada,Norte,Medio,82,735.0,9.55,-16789.750015541158,,2020,1
Arroz,Este,Medio,12,436.0,,10347.841461140319,43534.708628093926,2016,1
Avena,Oeste,Medio,31,919.0,8.97,2981.923774612489,,2018,0
Maíz,Este,Bajo,78,882.0,6.42,-15239.030502587932,33272.95588004321,2019,0
Girasol,Oeste,Medio,34,937.0,,1818.8841398975692,41306.14616260816,2017,1
Arroz,Oeste,Medio,82,652.0,9.86,-16789.750015541158,,2016,1
Maíz,Norte,Medio,98,799.0,5.38,-22992.628067354068,27882.944335612534,2015,0
Maíz,Este,Medio,75,825.0,9.87,-14075.99086787301,51153.28263801036,2019,1
Papa,Este,Medio,76,740.0,7.51,-14463.670746111318,38922.10259487921,2020,1
Maíz,Oeste,Alto,49,543.0,2.82,-3996.314033677034,14615.223610860101,2015,0
Avena,Este,Bajo,79,539.0,1.27,-15626.710380826236,6582.033328295152,2016,0
Cebada,Sur,Alto,57,770.0,4.99,-7097.753059583487,25861.690006451034,2016,0
Avena,Sur,Medio,95,122.0,7.01,-21829.588432639146,36330.750890826,2020,1
Trigo,Este,Bajo,93,558.0,10.24,-21054.22867616253,53070.88289900974,2017,0
Arroz,Este,Bajo,26,439.0,2.4,4920.323165804024,12438.488179455406,2020,1
Cebada,Oeste,Medio,18,668.0,9.8,8021.762191710478,50790.493399442916,2018,1
Papa,Sur,Alto,96,,10.49,-22217.26831087745,54366.55875103634,2015,1
Cebada,Sur,Alto,86,344.0,2.66,-18340.46952849439,13785.991065563076,2017,0
Cebada,Norte,Alto,38,418.0,10.37,268.16462694434085,,2019,1
Girasol,Oeste,Medio,81,845.0,11.91,-16402.07013730285,,2021,1
Cebada,Norte,Medio,87,914.0,9.0,-18728.149406732693,46644.330672957774,2018,1
Papa,Sur,Bajo,88,743.0,9.63,-19115.829284970998,49909.43382006482,2017,1
Avena,Oeste,Medio,50,598.0,11.94,-4383.993911915339,61881.478692790646,2021,1
Cebada,Este,Medio,8,698.0,7.66,11898.560974093545,39699.50810609517,2021,1
Soya,Oeste,Bajo,41,,4.39,-894.875007770579,22752.067961587178,2015,0
Arroz,Este,Bajo,6,,,12673.92073057016,52915.40179676655,2016,0
Cebada,Este,Medio,69,236.0,7.76,-11749.91159844317,40217.77844690581,2019,0
Arroz,Oeste,Alto,44,902.0,7.39,-2057.914642485499,38300.178185906436,2020,1
Soya,Este,Alto,64,819.0,3.79,-9811.512207251635,19642.44591672333,2015,0
Soya,Norte,Alto,29,494.0,9.32,3757.2835310891023,48302.79576355183,2018,0
Arroz,Sur,Medio,28,619.0,1.9,4144.963409327409,9847.136475402196,2021,1
Maíz,Este,Medio,11,412.0,11.17,10735.521339378625,57890.7970685487,2018,0
Trigo,Norte,Medio,65,172.0,4.58,-10199.192085489944,,2021,0
Girasol,Este,Alto,19,237.0,2.41,7634.08231347217,12490.31521353647,2016,0
Maíz,Sur,Bajo,9,791.0,5.87,11510.881095855239,30422.469005584684,2016,1
Maíz,Norte,Medio,27,729.0,1.47,4532.643287565716,7618.574009916436,2019,1
Avena,Sur,Alto,34,469.0,8.53,1818.8841398975692,44208.460071147754,2020,0
Girasol,Sur,Medio,44,675.0,10.93,-2057.914642485499,56646.94825060316,2019,1
Girasol,Norte,Medio,68,301.0,10.21,-11362.231720204862,,2016,1
Maíz,Norte,Medio,82,,2.4,-16789.750015541158,12438.488179455406,2016,1
Cebada,Norte,Bajo,15,598.0,2.39,9184.801826425399,12386.661145374343,2018,1
Avena,Oeste,Medio,51,384.0,9.95,-4771.673790153647,51567.89891065887,2016,1
Avena,Norte,Medio,13,141.0,11.17,9960.161582902012,,2017,1
Soya,Norte,Bajo,83,579.0,6.07,-17177.429893779463,31459.009687205966,2021,0
Papa,Norte,Bajo,49,915.0,6.49,-3996.314033677034,33635.74511861066,2015,0
Girasol,Norte,Alto,70,112.0,4.5,-12137.591476681475,23322.165336478887,2016,0
Maíz,Este,Bajo,56,711.0,10.84,-6710.073181345182,56180.50494387359,2019,1
Soya,Oeste,Medio,76,561.0,8.09,-14463.670746111318,41928.07057158093,2020,1
Arroz,Sur,Bajo,51,188.0,4.17,-4771.673790153647,21611.87321180377,2021,1
Trigo,Norte,Alto,37,747.0,4.29,655.8445051826493,22233.79762077654,2021,0
Papa,Este,Bajo,17,234.0,10.8,8409.442069948786,55973.196807549335,2020,1
Papa,Este,Medio,58,254.0,1.15,-7485.432937821795,5960.108919322382,2020,1
Papa,Este,Alto,87,821.0,4.55,-18728.149406732693,23581.300506884207,2021,1
Avena,Sur,Alto,90,263.0,7.1,-19891.189041447615,36797.194197555575,2017,1
Arroz,Norte,Bajo,29,305.0,2.63,3757.2835310891023,13630.509963319882,2019,1
Papa,Oeste,Alto,33,184.0,2.01,2206.564018135876,10417.233850293902,2017,1
Arroz,Oeste,Medio,60,622.0,9.97,-8260.792694298409,51671.552978821004,2016,1
Cebada,Este,Medio,91,924.0,10.84,-20278.86891968592,,2015,1
Papa,Sur,Bajo,89,871.0,,-19503.509163209303,,2020,0
Trigo,Sur,Bajo,55,137.0,10.89,-6322.393303106874,56439.64011427891,2019,0
Arroz,Sur,Alto,10,885.0,7.08,11123.201217616932,,2020,1
Arroz,Oeste,Medio,47,256.0,9.93,-3220.9542772004206,51464.244842496744,2017,0
Trigo,Este,Medio,23,178.0,5.22,6083.362800518944,27053.71179031551,2018,1
Papa,Norte,Alto,85,872.0,,-17952.789650256076,43171.919389526476,2016,0
Trigo,Oeste,Alto,21,52.0,11.88,6858.722556995557,61570.51648830427,2015,1
Arroz,Este,Bajo,13,983.0,3.48,9960.161582902012,18035.807860210338,2016,0
Trigo,Este,Medio,33,803.0,5.29,2206.564018135876,27416.501028882958,2018,0
Arroz,Norte,Bajo,24,170.0,,5695.682922280637,32547.377402908314,2015,1
Arroz,Norte,Alto,11,434.0,2.52,10735.521339378625,13060.412588428177,2018,0
Cebada,Norte,Medio,error,663.0,1.89,8409.442069948786,,2016,0
Maíz,Sur,Alto,68,87.0,10.13,-11362.231720204862,52500.78552411803,2017,0
Arroz,Norte,Bajo,47,390.0,11.74,-3220.9542772004206,60844.93801116937,2021,1
Papa,Este,Bajo,25,974.0,5.45,5308.003044042331,,2016,0
Soya,Norte,Bajo,94,694.0,1.96,-21441.90855440084,10158.098679888582,2016,1
